src_ip,0
43.229.38.171,321
192.186.23.25,259
121.201.45.173,259
132.232.193.63,253
193.112.182.252,208
193.112.1.116,192
120.27.233.64,164
103.71.236.215,129
104.214.221.238,107
2.249.160.194,91
114.99.51.250,91
186.208.139.204,91
115.59.20.83,91
64.22.38.66,91
188.16.38.26,91
94.114.148.208,91
61.53.29.242,91
31.163.73.174,91
61.205.167.76,80
117.218.78.216,79
190.82.99.162,45
37.79.100.50,39
219.91.138.201,37
109.241.108.15,25
115.193.179.109,22
82.209.65.237,20
83.209.251.205,20
188.16.22.136,20
39.87.146.136,20
188.16.53.64,20
178.62.102.42,20
112.192.62.222,20
111.22.102.111,20
175.9.107.52,20
182.123.131.55,20
183.192.244.198,20
183.192.245.171,20
222.136.61.222,20
183.192.245.28,20
220.134.154.179,20
183.192.247.133,20
37.79.122.5,20
213.100.205.249,20
41.225.63.215,20
218.204.90.141,20
183.194.95.251,19
179.182.64.186,17
45.164.154.49,16
188.19.15.151,15
122.116.226.156,15
223.80.122.89,15
5.140.142.129,15
223.158.112.246,15
183.192.249.119,15
218.57.72.117,15
162.237.106.27,15
85.54.237.134,14
190.163.121.245,13
5.199.143.126,12
58.187.187.84,11
61.236.231.32,10
77.107.41.82,10
181.1.132.12,10
183.230.201.132,10
183.82.63.162,10
165.73.60.96,10
119.98.111.130,10
85.121.51.205,10
110.246.59.67,10
202.71.27.96,10
83.68.244.51,10
201.242.183.133,10
109.87.222.117,10
91.65.14.48,10
94.59.195.95,10
39.43.95.236,10
206.189.198.68,9
80.33.207.34,9
47.97.98.233,9
186.136.57.166,9
117.1.71.10,9
190.158.232.21,8
81.215.180.220,8
27.211.43.82,8
41.44.71.153,8
109.242.248.255,7
46.29.165.34,7
212.83.138.27,6
27.35.75.250,5
125.212.217.214,5
112.232.36.255,5
203.207.59.220,5
51.15.123.94,5
94.102.49.193,5
142.204.27.58,5
187.131.131.170,4
118.24.205.97,4
151.31.0.42,4
189.5.4.193,4
223.79.161.181,3
198.84.235.41,3
213.67.247.246,3
176.58.123.79,3
64.68.236.53,3
104.168.136.126,3
197.219.61.218,2
197.89.174.176,2
198.167.223.52,2
159.224.109.206,2
190.198.24.159,2
162.220.144.152,2
200.161.232.15,2
110.201.23.200,2
41.238.72.232,2
71.6.232.4,2
109.158.76.224,2
183.192.247.58,2
188.158.236.152,2
5.188.210.12,2
60.191.38.77,2
59.125.227.206,2
92.237.22.16,1
93.56.61.232,1
85.104.111.9,1
85.12.237.13,1
218.255.220.245,1
27.147.167.218,1
27.106.39.200,1
95.221.0.52,1
95.102.114.188,1
86.137.49.28,1
86.97.105.205,1
92.38.46.31,1
92.253.210.57,1
23.236.57.135,1
87.122.100.42,1
88.148.41.11,1
90.10.137.234,1
220.132.4.155,1
31.8.84.137,1
222.164.229.94,1
91.232.214.238,1
84.52.71.216,1
36.233.97.38,1
34.223.218.23,1
35.205.40.43,1
52.15.252.65,1
54.147.148.177,1
46.91.26.49,1
54.198.158.202,1
54.219.155.83,1
46.238.200.61,1
61.219.11.151,1
61.247.51.207,1
62.219.14.94,1
46.105.145.152,1
75.151.167.74,1
42.83.38.204,1
78.154.36.167,1
78.188.176.51,1
41.209.45.2,1
41.204.245.166,1
78.191.204.210,1
78.29.41.121,1
79.101.202.35,1
79.107.155.15,1
37.49.231.58,1
80.109.192.253,1
36.67.141.169,1
51.6.75.42,1
80.82.70.118,1
80.87.209.62,1
84.2.63.239,1
1.169.22.253,1
190.99.207.31,1
216.218.206.67,1
172.105.201.117,1
146.255.228.2,1
149.0.119.38,1
151.233.128.221,1
154.73.194.101,1
159.203.164.78,1
159.65.198.6,1
165.255.101.105,1
170.245.138.42,1
170.84.12.126,1
171.7.82.88,1
176.126.184.147,1
213.246.157.58,1
177.10.166.15,1
177.10.216.35,1
177.11.142.37,1
177.11.142.39,1
177.137.161.213,1
177.138.94.250,1
177.39.39.3,1
177.94.9.230,1
178.128.79.45,1
178.169.174.207,1
142.93.33.168,1
138.204.134.130,1
138.0.227.113,1
131.0.95.234,1
1.64.193.249,1
103.102.73.75,1
103.16.46.166,1
103.233.171.18,1
103.72.218.167,1
103.78.180.131,1
103.84.228.165,1
104.40.202.129,1
107.170.212.162,1
108.251.250.38,1
110.200.75.152,1
111.242.5.23,1
113.255.123.31,1
114.32.149.253,1
120.51.7.12,1
121.131.23.249,1
122.117.184.78,1
123.205.67.21,1
123.96.1.137,1
124.13.248.136,1
125.115.128.92,1
178.212.53.19,1
178.62.56.163,1
178.73.215.171,1
190.210.97.125,1
190.232.221.216,1
1.173.111.190,1
191.254.70.239,1
193.178.187.176,1
193.59.134.132,1
194.50.254.169,1
196.52.43.90,1
197.159.115.18,1
197.211.245.76,1
198.108.66.176,1
198.108.67.16,1
201.150.151.101,1
201.203.46.241,1
201.27.226.221,1
201.42.188.154,1
201.69.130.218,1
206.116.148.232,1
207.183.169.120,1
208.78.119.10,1
210.72.245.119,1
213.112.147.15,1
190.214.30.33,1
190.19.230.62,1
178.93.20.200,1
190.130.12.10,1
179.109.61.133,1
179.225.211.107,1
179.98.100.74,1
181.171.236.153,1
184.153.120.249,1
185.101.107.147,1
185.215.233.131,1
185.26.32.5,1
185.56.180.117,1
185.82.96.10,1
187.3.228.138,1
188.136.228.151,1
188.212.161.182,1
188.213.98.33,1
189.110.124.137,1
189.111.35.153,1
189.159.145.96,1
189.163.50.192,1
189.79.123.148,1
190.113.105.89,1
190.121.143.123,1
95.38.51.235,1
