0,183.192.241.114
1,198.84.235.41
2,198.84.235.41
3,198.84.235.41
4,183.192.245.171
5,183.192.245.171
6,183.192.245.171
7,183.192.245.171
8,183.192.245.171
9,183.192.245.171
10,183.192.245.171
11,183.192.245.171
12,183.192.245.171
13,183.192.245.171
14,183.192.245.171
15,183.192.245.171
16,183.192.245.171
17,183.192.245.171
18,183.192.245.171
19,109.87.222.117
20,183.192.245.171
21,109.87.222.117
22,183.192.245.171
23,109.87.222.117
24,183.192.245.171
25,109.87.222.117
26,183.192.245.171
27,109.87.222.117
28,183.192.245.171
29,109.87.222.117
30,109.87.222.117
31,109.87.222.117
32,201.27.226.221
33,109.87.222.117
34,109.87.222.117
35,110.200.75.152
36,220.134.154.179
37,220.134.154.179
38,220.134.154.179
39,85.121.51.205
40,220.134.154.179
41,85.121.51.205
42,220.134.154.179
43,85.121.51.205
44,85.121.51.205
45,220.134.154.179
46,85.121.51.205
47,220.134.154.179
48,112.232.36.255
49,85.121.51.205
50,220.134.154.179
51,112.232.36.255
52,85.121.51.205
53,220.134.154.179
54,85.121.51.205
55,112.232.36.255
56,220.134.154.179
57,85.121.51.205
58,112.232.36.255
59,220.134.154.179
60,85.121.51.205
61,220.134.154.179
62,112.232.36.255
63,220.134.154.179
64,220.134.154.179
65,220.134.154.179
66,220.134.154.179
67,220.134.154.179
68,220.134.154.179
69,220.134.154.179
70,220.134.154.179
71,149.0.119.38
72,186.136.57.166
73,186.136.57.166
74,186.136.57.166
75,186.136.57.166
76,186.136.57.166
77,186.136.57.166
78,186.136.57.166
79,186.136.57.166
80,186.136.57.166
81,190.163.121.245
82,190.163.121.245
83,190.163.121.245
84,190.163.121.245
85,190.163.121.245
86,190.163.121.245
87,190.163.121.245
88,190.163.121.245
89,190.163.121.245
90,190.163.121.245
91,190.163.121.245
92,190.163.121.245
93,190.163.121.245
94,182.123.131.55
95,182.123.131.55
96,182.123.131.55
97,182.123.131.55
98,182.123.131.55
99,182.123.131.55
100,94.114.148.208
101,94.114.148.208
102,182.123.131.55
103,94.114.148.208
104,182.123.131.55
105,94.114.148.208
106,182.123.131.55
107,94.114.148.208
108,182.123.131.55
109,94.114.148.208
110,182.123.131.55
111,94.114.148.208
112,182.123.131.55
113,94.114.148.208
114,182.123.131.55
115,94.114.148.208
116,182.123.131.55
117,94.114.148.208
118,182.123.131.55
119,94.114.148.208
120,182.123.131.55
121,94.114.148.208
122,182.123.131.55
123,94.114.148.208
124,94.114.148.208
125,182.123.131.55
126,94.114.148.208
127,182.123.131.55
128,94.114.148.208
129,182.123.131.55
130,94.114.148.208
131,94.114.148.208
132,94.114.148.208
133,94.114.148.208
134,94.114.148.208
135,94.114.148.208
136,94.114.148.208
137,94.114.148.208
138,94.114.148.208
139,94.114.148.208
140,94.114.148.208
141,103.72.218.167
142,94.114.148.208
143,94.114.148.208
144,94.114.148.208
145,31.8.84.137
146,94.114.148.208
147,94.114.148.208
148,94.114.148.208
149,94.114.148.208
150,94.114.148.208
151,94.114.148.208
152,94.114.148.208
153,94.114.148.208
154,94.114.148.208
155,94.114.148.208
156,94.114.148.208
157,94.114.148.208
158,94.114.148.208
159,94.114.148.208
160,94.114.148.208
161,83.209.251.205
162,94.114.148.208
163,83.209.251.205
164,94.114.148.208
165,83.209.251.205
166,94.114.148.208
167,83.209.251.205
168,94.114.148.208
169,83.209.251.205
170,94.114.148.208
171,83.209.251.205
172,94.114.148.208
173,83.209.251.205
174,94.114.148.208
175,83.209.251.205
176,94.114.148.208
177,83.209.251.205
178,94.114.148.208
179,83.209.251.205
180,94.114.148.208
181,83.209.251.205
182,94.114.148.208
183,83.209.251.205
184,94.114.148.208
185,83.209.251.205
186,94.114.148.208
187,83.209.251.205
188,94.114.148.208
189,198.167.223.52
190,83.209.251.205
191,94.114.148.208
192,83.209.251.205
193,94.114.148.208
194,94.114.148.208
195,83.209.251.205
196,94.114.148.208
197,83.209.251.205
198,94.114.148.208
199,83.209.251.205
200,94.114.148.208
201,83.209.251.205
202,94.114.148.208
203,94.114.148.208
204,94.114.148.208
205,94.114.148.208
206,94.114.148.208
207,94.114.148.208
208,94.114.148.208
209,94.114.148.208
210,94.114.148.208
211,94.114.148.208
212,94.114.148.208
213,94.114.148.208
214,94.114.148.208
215,94.114.148.208
216,94.114.148.208
217,94.114.148.208
218,94.114.148.208
219,94.114.148.208
220,94.114.148.208
221,94.114.148.208
222,94.114.148.208
223,94.114.148.208
224,94.114.148.208
225,94.114.148.208
226,94.114.148.208
227,94.114.148.208
228,178.169.174.207
229,41.44.71.153
230,41.44.71.153
231,41.44.71.153
232,41.44.71.153
233,41.44.71.153
234,41.44.71.153
235,41.44.71.153
236,41.44.71.153
237,189.110.124.137
238,95.102.114.188
239,197.219.61.218
240,197.219.61.218
241,193.59.134.132
242,71.6.232.4
243,35.205.40.43
244,41.238.72.232
245,41.238.72.232
246,41.204.245.166
247,198.167.223.52
248,203.207.59.220
249,203.207.59.220
250,203.207.59.220
251,203.207.59.220
252,203.207.59.220
253,92.253.210.57
254,218.204.90.141
255,218.204.90.141
256,218.204.90.141
257,218.204.90.141
258,218.204.90.141
259,218.204.90.141
260,218.204.90.141
261,218.204.90.141
262,218.204.90.141
263,80.109.192.253
264,218.204.90.141
265,218.204.90.141
266,218.204.90.141
267,218.204.90.141
268,218.204.90.141
269,218.204.90.141
270,218.204.90.141
271,218.204.90.141
272,218.204.90.141
273,218.204.90.141
274,218.204.90.141
275,159.65.198.6
276,183.192.249.119
277,223.80.122.89
278,183.192.249.119
279,223.80.122.89
280,183.192.249.119
281,223.80.122.89
282,183.192.249.119
283,223.80.122.89
284,183.192.249.119
285,223.80.122.89
286,183.192.249.119
287,223.80.122.89
288,183.192.249.119
289,223.80.122.89
290,183.192.249.119
291,223.80.122.89
292,183.192.249.119
293,223.80.122.89
294,183.192.249.119
295,103.16.46.166
296,183.192.249.119
297,223.80.122.89
298,183.192.249.119
299,223.80.122.89
300,183.192.249.119
301,223.80.122.89
302,85.12.237.13
303,183.192.249.119
304,223.80.122.89
305,183.192.249.119
306,223.80.122.89
307,223.80.122.89
308,183.230.201.132
309,183.230.201.132
310,190.99.207.31
311,183.230.201.132
312,183.230.201.132
313,183.230.201.132
314,183.230.201.132
315,183.230.201.132
316,183.230.201.132
317,183.230.201.132
318,183.230.201.132
319,45.164.154.49
320,45.164.154.49
321,45.164.154.49
322,45.164.154.49
323,198.108.67.16
324,45.164.154.49
325,45.164.154.49
326,45.164.154.49
327,188.16.38.26
328,45.164.154.49
329,188.16.38.26
330,45.164.154.49
331,187.3.228.138
332,188.16.38.26
333,45.164.154.49
334,188.16.38.26
335,45.164.154.49
336,175.9.107.52
337,188.16.38.26
338,45.164.154.49
339,175.9.107.52
340,188.16.38.26
341,45.164.154.49
342,175.9.107.52
343,188.16.38.26
344,45.164.154.49
345,175.9.107.52
346,188.16.38.26
347,45.164.154.49
348,175.9.107.52
349,183.82.63.162
350,188.16.38.26
351,45.164.154.49
352,175.9.107.52
353,183.82.63.162
354,188.16.38.26
355,175.9.107.52
356,183.82.63.162
357,188.16.38.26
358,175.9.107.52
359,183.82.63.162
360,188.16.38.26
361,175.9.107.52
362,183.82.63.162
363,188.16.38.26
364,175.9.107.52
365,183.82.63.162
366,188.16.38.26
367,175.9.107.52
368,183.82.63.162
369,188.16.38.26
370,188.16.38.26
371,183.82.63.162
372,175.9.107.52
373,188.16.38.26
374,183.82.63.162
375,175.9.107.52
376,188.16.38.26
377,183.82.63.162
378,175.9.107.52
379,188.16.38.26
380,175.9.107.52
381,188.16.38.26
382,175.9.107.52
383,188.16.38.26
384,175.9.107.52
385,188.16.38.26
386,175.9.107.52
387,188.16.38.26
388,175.9.107.52
389,188.16.38.26
390,175.9.107.52
391,188.16.38.26
392,188.16.38.26
393,188.16.38.26
394,188.16.38.26
395,188.16.38.26
396,188.16.38.26
397,188.16.38.26
398,188.16.38.26
399,188.16.38.26
400,188.16.38.26
401,188.16.38.26
402,188.16.38.26
403,188.16.38.26
404,206.189.198.68
405,188.16.38.26
406,188.16.38.26
407,206.189.198.68
408,188.16.38.26
409,206.189.198.68
410,188.16.38.26
411,188.16.38.26
412,206.189.198.68
413,188.16.38.26
414,109.241.108.15
415,188.16.38.26
416,206.189.198.68
417,109.241.108.15
418,188.16.38.26
419,109.241.108.15
420,206.189.198.68
421,188.16.38.26
422,206.189.198.68
423,109.241.108.15
424,188.16.38.26
425,109.241.108.15
426,188.16.38.26
427,109.241.108.15
428,188.16.38.26
429,109.241.108.15
430,188.16.38.26
431,109.241.108.15
432,188.16.38.26
433,109.241.108.15
434,188.16.38.26
435,109.241.108.15
436,188.16.38.26
437,206.189.198.68
438,109.241.108.15
439,64.68.236.53
440,188.16.38.26
441,109.241.108.15
442,206.189.198.68
443,188.16.38.26
444,109.241.108.15
445,188.16.38.26
446,64.68.236.53
447,109.241.108.15
448,188.16.38.26
449,109.241.108.15
450,188.16.38.26
451,109.241.108.15
452,188.16.38.26
453,64.68.236.53
454,109.241.108.15
455,188.16.38.26
456,188.16.38.26
457,109.241.108.15
458,188.16.38.26
459,109.241.108.15
460,188.16.38.26
461,109.241.108.15
462,109.241.108.15
463,188.16.38.26
464,109.241.108.15
465,188.16.38.26
466,109.241.108.15
467,188.16.38.26
468,109.241.108.15
469,188.16.38.26
470,109.241.108.15
471,188.16.38.26
472,188.16.38.26
473,188.16.38.26
474,188.16.38.26
475,188.16.38.26
476,188.16.38.26
477,188.16.38.26
478,188.16.38.26
479,188.16.38.26
480,188.16.38.26
481,121.131.23.249
482,188.16.38.26
483,188.16.38.26
484,188.16.38.26
485,188.16.38.26
486,188.16.38.26
487,188.16.38.26
488,183.192.247.133
489,188.16.38.26
490,183.192.247.133
491,188.16.38.26
492,188.16.38.26
493,183.192.247.133
494,188.16.38.26
495,183.192.247.133
496,188.16.38.26
497,183.192.247.133
498,188.16.38.26
499,183.192.247.133
500,188.16.38.26
501,183.192.247.133
502,188.16.38.26
503,183.192.247.133
504,183.192.247.133
505,183.192.247.133
506,183.192.247.133
507,183.192.247.133
508,183.192.247.133
509,183.192.247.133
510,213.100.205.249
511,183.192.247.133
512,213.100.205.249
513,213.100.205.249
514,183.192.247.133
515,213.100.205.249
516,183.192.247.133
517,213.100.205.249
518,183.192.247.133
519,213.100.205.249
520,213.100.205.249
521,183.192.247.133
522,213.100.205.249
523,183.192.247.133
524,213.100.205.249
525,213.100.205.249
526,213.100.205.249
527,213.100.205.249
528,213.100.205.249
529,213.100.205.249
530,213.100.205.249
531,213.100.205.249
532,213.100.205.249
533,213.100.205.249
534,213.100.205.249
535,213.100.205.249
536,108.251.250.38
537,159.203.164.78
538,27.147.167.218
539,94.102.49.193
540,94.102.49.193
541,94.102.49.193
542,94.102.49.193
543,94.102.49.193
544,122.117.184.78
545,179.109.61.133
546,5.188.210.12
547,37.79.122.5
548,37.79.122.5
549,37.79.122.5
550,37.79.122.5
551,37.79.122.5
552,37.79.122.5
553,110.201.23.200
554,37.79.122.5
555,110.201.23.200
556,37.79.122.5
557,37.79.122.5
558,188.16.53.64
559,37.79.122.5
560,188.16.53.64
561,37.79.122.5
562,188.16.53.64
563,37.79.122.5
564,188.16.53.64
565,37.79.122.5
566,188.16.53.64
567,37.79.122.5
568,188.16.53.64
569,37.79.122.5
570,188.16.53.64
571,37.79.122.5
572,188.16.53.64
573,37.79.122.5
574,188.16.53.64
575,188.16.53.64
576,37.79.122.5
577,188.16.53.64
578,37.79.122.5
579,165.255.101.105
580,188.16.53.64
581,37.79.122.5
582,188.16.53.64
583,188.16.53.64
584,188.16.53.64
585,188.16.53.64
586,188.16.53.64
587,188.16.53.64
588,188.16.53.64
589,188.16.53.64
590,77.107.41.82
591,77.107.41.82
592,77.107.41.82
593,77.107.41.82
594,77.107.41.82
595,77.107.41.82
596,210.72.245.119
597,77.107.41.82
598,77.107.41.82
599,77.107.41.82
600,77.107.41.82
601,46.29.165.34
602,122.116.226.156
603,122.116.226.156
604,122.116.226.156
605,122.116.226.156
606,122.116.226.156
607,92.38.46.31
608,122.116.226.156
609,122.116.226.156
610,122.116.226.156
611,122.116.226.156
612,122.116.226.156
613,122.116.226.156
614,122.116.226.156
615,122.116.226.156
616,122.116.226.156
617,122.116.226.156
618,172.105.201.117
619,111.22.102.111
620,111.22.102.111
621,111.22.102.111
622,111.22.102.111
623,111.22.102.111
624,111.22.102.111
625,111.22.102.111
626,111.22.102.111
627,179.182.64.186
628,111.22.102.111
629,111.22.102.111
630,179.182.64.186
631,111.22.102.111
632,111.22.102.111
633,179.182.64.186
634,111.22.102.111
635,111.22.102.111
636,179.182.64.186
637,111.22.102.111
638,111.22.102.111
639,179.182.64.186
640,111.22.102.111
641,111.22.102.111
642,179.182.64.186
643,111.22.102.111
644,179.182.64.186
645,111.22.102.111
646,179.182.64.186
647,179.182.64.186
648,179.182.64.186
649,179.182.64.186
650,179.182.64.186
651,183.194.95.251
652,179.182.64.186
653,183.194.95.251
654,183.194.95.251
655,179.182.64.186
656,183.194.95.251
657,183.194.95.251
658,183.194.95.251
659,179.182.64.186
660,183.194.95.251
661,183.194.95.251
662,179.182.64.186
663,183.194.95.251
664,183.194.95.251
665,183.194.95.251
666,179.182.64.186
667,183.194.95.251
668,183.194.95.251
669,183.194.95.251
670,183.194.95.251
671,183.194.95.251
672,183.194.95.251
673,183.194.95.251
674,183.194.95.251
675,183.192.247.58
676,183.192.247.58
677,117.218.78.216
678,117.218.78.216
679,117.218.78.216
680,117.218.78.216
681,117.218.78.216
682,117.218.78.216
683,117.218.78.216
684,117.218.78.216
685,117.218.78.216
686,117.218.78.216
687,117.218.78.216
688,117.218.78.216
689,117.218.78.216
690,117.218.78.216
691,117.218.78.216
692,117.218.78.216
693,117.218.78.216
694,117.218.78.216
695,46.29.165.34
696,117.218.78.216
697,117.218.78.216
698,117.218.78.216
699,117.218.78.216
700,117.218.78.216
701,117.218.78.216
702,117.218.78.216
703,117.218.78.216
704,117.218.78.216
705,117.218.78.216
706,117.218.78.216
707,117.218.78.216
708,117.218.78.216
709,117.218.78.216
710,117.218.78.216
711,117.218.78.216
712,117.218.78.216
713,117.218.78.216
714,117.218.78.216
715,117.218.78.216
716,117.218.78.216
717,117.218.78.216
718,117.218.78.216
719,117.218.78.216
720,117.218.78.216
721,117.218.78.216
722,117.218.78.216
723,117.218.78.216
724,117.218.78.216
725,117.218.78.216
726,117.218.78.216
727,117.218.78.216
728,117.218.78.216
729,117.218.78.216
730,117.218.78.216
731,117.218.78.216
732,117.218.78.216
733,117.218.78.216
734,117.218.78.216
735,117.218.78.216
736,117.218.78.216
737,117.218.78.216
738,117.218.78.216
739,117.218.78.216
740,117.218.78.216
741,117.218.78.216
742,117.218.78.216
743,117.218.78.216
744,117.218.78.216
745,117.218.78.216
746,117.218.78.216
747,117.218.78.216
748,117.218.78.216
749,117.218.78.216
750,117.218.78.216
751,117.218.78.216
752,85.104.111.9
753,117.218.78.216
754,117.218.78.216
755,117.218.78.216
756,117.218.78.216
757,117.218.78.216
758,181.1.132.12
759,61.53.29.242
760,181.1.132.12
761,61.53.29.242
762,61.53.29.242
763,181.1.132.12
764,61.53.29.242
765,181.1.132.12
766,188.16.22.136
767,61.53.29.242
768,188.16.22.136
769,181.1.132.12
770,61.53.29.242
771,188.16.22.136
772,181.1.132.12
773,61.53.29.242
774,188.16.22.136
775,61.53.29.242
776,181.1.132.12
777,188.16.22.136
778,61.53.29.242
779,188.16.22.136
780,181.1.132.12
781,61.53.29.242
782,188.16.22.136
783,61.53.29.242
784,188.16.22.136
785,181.1.132.12
786,61.53.29.242
787,188.16.22.136
788,177.138.94.250
789,181.1.132.12
790,61.53.29.242
791,188.16.22.136
792,61.53.29.242
793,188.16.22.136
794,61.53.29.242
795,188.16.22.136
796,61.53.29.242
797,188.16.22.136
798,61.53.29.242
799,188.16.22.136
800,188.16.22.136
801,61.53.29.242
802,188.16.22.136
803,61.53.29.242
804,188.16.22.136
805,61.53.29.242
806,113.255.123.31
807,188.16.22.136
808,61.53.29.242
809,188.16.22.136
810,61.53.29.242
811,188.16.22.136
812,61.53.29.242
813,61.53.29.242
814,61.53.29.242
815,61.53.29.242
816,61.53.29.242
817,61.53.29.242
818,61.53.29.242
819,61.53.29.242
820,61.53.29.242
821,61.53.29.242
822,61.53.29.242
823,61.53.29.242
824,61.53.29.242
825,61.53.29.242
826,61.53.29.242
827,61.53.29.242
828,61.53.29.242
829,61.53.29.242
830,61.53.29.242
831,61.53.29.242
832,61.53.29.242
833,61.53.29.242
834,61.53.29.242
835,61.53.29.242
836,61.53.29.242
837,61.53.29.242
838,61.53.29.242
839,61.53.29.242
840,61.53.29.242
841,61.53.29.242
842,61.53.29.242
843,61.53.29.242
844,61.53.29.242
845,109.158.76.224
846,61.53.29.242
847,109.158.76.224
848,61.53.29.242
849,61.53.29.242
850,61.53.29.242
851,61.53.29.242
852,61.53.29.242
853,61.53.29.242
854,61.53.29.242
855,61.53.29.242
856,61.53.29.242
857,61.53.29.242
858,61.53.29.242
859,61.53.29.242
860,61.53.29.242
861,61.53.29.242
862,61.53.29.242
863,61.53.29.242
864,81.215.180.220
865,61.53.29.242
866,81.215.180.220
867,61.53.29.242
868,81.215.180.220
869,61.53.29.242
870,81.215.180.220
871,61.53.29.242
872,81.215.180.220
873,61.53.29.242
874,81.215.180.220
875,61.53.29.242
876,81.215.180.220
877,61.53.29.242
878,190.214.30.33
879,81.215.180.220
880,61.53.29.242
881,61.53.29.242
882,61.53.29.242
883,61.53.29.242
884,61.53.29.242
885,61.53.29.242
886,61.53.29.242
887,61.53.29.242
888,61.53.29.242
889,61.53.29.242
890,61.53.29.242
891,61.53.29.242
892,191.254.70.239
893,146.255.228.2
894,75.151.167.74
895,189.159.145.96
896,190.113.105.89
897,1.64.193.249
898,80.82.70.118
899,216.218.206.67
900,41.225.63.215
901,41.225.63.215
902,41.225.63.215
903,41.225.63.215
904,41.225.63.215
905,41.225.63.215
906,41.225.63.215
907,41.225.63.215
908,41.225.63.215
909,41.225.63.215
910,41.225.63.215
911,41.225.63.215
912,41.225.63.215
913,41.225.63.215
914,41.225.63.215
915,41.225.63.215
916,220.132.4.155
917,41.225.63.215
918,41.225.63.215
919,41.225.63.215
920,41.225.63.215
921,61.236.231.32
922,61.236.231.32
923,61.236.231.32
924,61.236.231.32
925,61.236.231.32
926,61.236.231.32
927,61.236.231.32
928,61.236.231.32
929,61.236.231.32
930,61.236.231.32
931,111.242.5.23
932,206.116.148.232
933,114.32.149.253
934,46.29.165.34
935,31.163.73.174
936,31.163.73.174
937,31.163.73.174
938,31.163.73.174
939,31.163.73.174
940,31.163.73.174
941,31.163.73.174
942,31.163.73.174
943,31.163.73.174
944,31.163.73.174
945,31.163.73.174
946,31.163.73.174
947,31.163.73.174
948,31.163.73.174
949,31.163.73.174
950,31.163.73.174
951,31.163.73.174
952,31.163.73.174
953,31.163.73.174
954,31.163.73.174
955,31.163.73.174
956,31.163.73.174
957,31.163.73.174
958,31.163.73.174
959,31.163.73.174
960,31.163.73.174
961,46.29.165.34
962,31.163.73.174
963,31.163.73.174
964,31.163.73.174
965,31.163.73.174
966,31.163.73.174
967,31.163.73.174
968,31.163.73.174
969,31.163.73.174
970,31.163.73.174
971,31.163.73.174
972,31.163.73.174
973,31.163.73.174
974,31.163.73.174
975,31.163.73.174
976,31.163.73.174
977,31.163.73.174
978,31.163.73.174
979,31.163.73.174
980,31.163.73.174
981,31.163.73.174
982,109.242.248.255
983,31.163.73.174
984,109.242.248.255
985,31.163.73.174
986,109.242.248.255
987,31.163.73.174
988,109.242.248.255
989,31.163.73.174
990,109.242.248.255
991,31.163.73.174
992,109.242.248.255
993,31.163.73.174
994,109.242.248.255
995,178.62.102.42
996,31.163.73.174
997,178.62.102.42
998,31.163.73.174
999,47.97.98.233
1000,178.62.102.42
1001,47.97.98.233
1002,31.163.73.174
1003,47.97.98.233
1004,47.97.98.233
1005,47.97.98.233
1006,47.97.98.233
1007,47.97.98.233
1008,178.62.102.42
1009,31.163.73.174
1010,47.97.98.233
1011,47.97.98.233
1012,178.62.102.42
1013,31.163.73.174
1014,178.62.102.42
1015,31.163.73.174
1016,178.62.102.42
1017,31.163.73.174
1018,178.62.102.42
1019,31.163.73.174
1020,178.62.102.42
1021,31.163.73.174
1022,178.62.102.42
1023,110.246.59.67
1024,31.163.73.174
1025,178.62.102.42
1026,110.246.59.67
1027,31.163.73.174
1028,178.62.102.42
1029,110.246.59.67
1030,31.163.73.174
1031,178.62.102.42
1032,110.246.59.67
1033,31.163.73.174
1034,178.62.102.42
1035,110.246.59.67
1036,31.163.73.174
1037,178.62.102.42
1038,110.246.59.67
1039,31.163.73.174
1040,178.62.102.42
1041,110.246.59.67
1042,31.163.73.174
1043,178.62.102.42
1044,110.246.59.67
1045,31.163.73.174
1046,178.62.102.42
1047,110.246.59.67
1048,178.62.102.42
1049,31.163.73.174
1050,110.246.59.67
1051,178.62.102.42
1052,31.163.73.174
1053,31.163.73.174
1054,31.163.73.174
1055,31.163.73.174
1056,31.163.73.174
1057,31.163.73.174
1058,31.163.73.174
1059,31.163.73.174
1060,31.163.73.174
1061,31.163.73.174
1062,31.163.73.174
1063,31.163.73.174
1064,31.163.73.174
1065,31.163.73.174
1066,31.163.73.174
1067,31.163.73.174
1068,31.163.73.174
1069,31.163.73.174
1070,31.163.73.174
1071,31.163.73.174
1072,31.163.73.174
1073,78.191.204.210
1074,78.188.176.51
1075,39.87.146.136
1076,162.220.144.152
1077,39.87.146.136
1078,39.87.146.136
1079,162.220.144.152
1080,39.87.146.136
1081,39.87.146.136
1082,39.87.146.136
1083,39.87.146.136
1084,39.87.146.136
1085,39.87.146.136
1086,39.87.146.136
1087,27.35.75.250
1088,39.87.146.136
1089,27.35.75.250
1090,39.87.146.136
1091,27.35.75.250
1092,39.87.146.136
1093,27.35.75.250
1094,39.87.146.136
1095,27.35.75.250
1096,39.87.146.136
1097,39.87.146.136
1098,39.87.146.136
1099,39.87.146.136
1100,39.87.146.136
1101,39.87.146.136
1102,183.192.244.198
1103,183.192.244.198
1104,183.192.244.198
1105,183.192.244.198
1106,183.192.244.198
1107,183.192.244.198
1108,183.192.244.198
1109,183.192.244.198
1110,183.192.244.198
1111,183.192.244.198
1112,183.192.244.198
1113,183.192.244.198
1114,183.192.244.198
1115,183.192.244.198
1116,183.192.244.198
1117,183.192.244.198
1118,162.237.106.27
1119,162.237.106.27
1120,183.192.244.198
1121,162.237.106.27
1122,162.237.106.27
1123,183.192.244.198
1124,162.237.106.27
1125,162.237.106.27
1126,183.192.244.198
1127,162.237.106.27
1128,183.192.244.198
1129,162.237.106.27
1130,162.237.106.27
1131,162.237.106.27
1132,162.237.106.27
1133,162.237.106.27
1134,162.237.106.27
1135,162.237.106.27
1136,162.237.106.27
1137,177.11.142.37
1138,94.59.195.95
1139,95.38.51.235
1140,51.6.75.42
1141,94.59.195.95
1142,94.59.195.95
1143,94.59.195.95
1144,94.59.195.95
1145,94.59.195.95
1146,94.59.195.95
1147,94.59.195.95
1148,94.59.195.95
1149,94.59.195.95
1150,60.191.38.77
1151,46.29.165.34
1152,142.93.33.168
1153,189.5.4.193
1154,189.5.4.193
1155,189.5.4.193
1156,189.5.4.193
1157,78.29.41.121
1158,5.140.142.129
1159,5.140.142.129
1160,5.140.142.129
1161,5.140.142.129
1162,5.140.142.129
1163,5.140.142.129
1164,5.140.142.129
1165,5.140.142.129
1166,5.140.142.129
1167,117.1.71.10
1168,5.140.142.129
1169,117.1.71.10
1170,5.140.142.129
1171,117.1.71.10
1172,5.140.142.129
1173,117.1.71.10
1174,5.140.142.129
1175,117.1.71.10
1176,5.140.142.129
1177,117.1.71.10
1178,5.140.142.129
1179,117.1.71.10
1180,117.1.71.10
1181,117.1.71.10
1182,1.173.111.190
1183,84.52.71.216
1184,222.164.229.94
1185,91.65.14.48
1186,91.65.14.48
1187,91.65.14.48
1188,91.65.14.48
1189,91.65.14.48
1190,91.65.14.48
1191,91.65.14.48
1192,91.65.14.48
1193,91.65.14.48
1194,91.65.14.48
1195,79.107.155.15
1196,188.212.161.182
1197,114.99.51.250
1198,177.11.142.39
1199,114.99.51.250
1200,114.99.51.250
1201,114.99.51.250
1202,64.22.38.66
1203,114.99.51.250
1204,114.99.51.250
1205,64.22.38.66
1206,114.99.51.250
1207,64.22.38.66
1208,114.99.51.250
1209,64.22.38.66
1210,114.99.51.250
1211,64.22.38.66
1212,114.99.51.250
1213,64.22.38.66
1214,114.99.51.250
1215,64.22.38.66
1216,114.99.51.250
1217,114.99.51.250
1218,64.22.38.66
1219,114.99.51.250
1220,64.22.38.66
1221,114.99.51.250
1222,64.22.38.66
1223,114.99.51.250
1224,64.22.38.66
1225,114.99.51.250
1226,64.22.38.66
1227,114.99.51.250
1228,64.22.38.66
1229,114.99.51.250
1230,64.22.38.66
1231,114.99.51.250
1232,114.99.51.250
1233,64.22.38.66
1234,114.99.51.250
1235,64.22.38.66
1236,54.198.158.202
1237,114.99.51.250
1238,64.22.38.66
1239,114.99.51.250
1240,64.22.38.66
1241,114.99.51.250
1242,64.22.38.66
1243,114.99.51.250
1244,64.22.38.66
1245,114.99.51.250
1246,114.99.51.250
1247,64.22.38.66
1248,114.99.51.250
1249,64.22.38.66
1250,114.99.51.250
1251,64.22.38.66
1252,114.99.51.250
1253,64.22.38.66
1254,138.0.227.113
1255,114.99.51.250
1256,64.22.38.66
1257,114.99.51.250
1258,114.99.51.250
1259,64.22.38.66
1260,114.99.51.250
1261,64.22.38.66
1262,114.99.51.250
1263,64.22.38.66
1264,114.99.51.250
1265,64.22.38.66
1266,114.99.51.250
1267,114.99.51.250
1268,64.22.38.66
1269,114.99.51.250
1270,64.22.38.66
1271,114.99.51.250
1272,64.22.38.66
1273,114.99.51.250
1274,64.22.38.66
1275,114.99.51.250
1276,64.22.38.66
1277,114.99.51.250
1278,114.99.51.250
1279,64.22.38.66
1280,114.99.51.250
1281,64.22.38.66
1282,114.99.51.250
1283,185.101.107.147
1284,64.22.38.66
1285,114.99.51.250
1286,114.99.51.250
1287,64.22.38.66
1288,114.99.51.250
1289,64.22.38.66
1290,114.99.51.250
1291,64.22.38.66
1292,114.99.51.250
1293,64.22.38.66
1294,114.99.51.250
1295,64.22.38.66
1296,114.99.51.250
1297,64.22.38.66
1298,114.99.51.250
1299,64.22.38.66
1300,114.99.51.250
1301,114.99.51.250
1302,64.22.38.66
1303,114.99.51.250
1304,64.22.38.66
1305,114.99.51.250
1306,64.22.38.66
1307,114.99.51.250
1308,64.22.38.66
1309,114.99.51.250
1310,114.99.51.250
1311,64.22.38.66
1312,114.99.51.250
1313,64.22.38.66
1314,114.99.51.250
1315,64.22.38.66
1316,114.99.51.250
1317,114.99.51.250
1318,64.22.38.66
1319,114.99.51.250
1320,64.22.38.66
1321,114.99.51.250
1322,64.22.38.66
1323,114.99.51.250
1324,64.22.38.66
1325,114.99.51.250
1326,64.22.38.66
1327,114.99.51.250
1328,177.10.166.15
1329,114.99.51.250
1330,64.22.38.66
1331,114.99.51.250
1332,64.22.38.66
1333,114.99.51.250
1334,64.22.38.66
1335,114.99.51.250
1336,64.22.38.66
1337,114.99.51.250
1338,114.99.51.250
1339,64.22.38.66
1340,114.99.51.250
1341,64.22.38.66
1342,114.99.51.250
1343,64.22.38.66
1344,114.99.51.250
1345,64.22.38.66
1346,114.99.51.250
1347,64.22.38.66
1348,114.99.51.250
1349,64.22.38.66
1350,114.99.51.250
1351,64.22.38.66
1352,114.99.51.250
1353,114.99.51.250
1354,64.22.38.66
1355,114.99.51.250
1356,64.22.38.66
1357,114.99.51.250
1358,64.22.38.66
1359,114.99.51.250
1360,64.22.38.66
1361,114.99.51.250
1362,64.22.38.66
1363,114.99.51.250
1364,64.22.38.66
1365,114.99.51.250
1366,64.22.38.66
1367,64.22.38.66
1368,64.22.38.66
1369,64.22.38.66
1370,64.22.38.66
1371,64.22.38.66
1372,64.22.38.66
1373,64.22.38.66
1374,64.22.38.66
1375,64.22.38.66
1376,64.22.38.66
1377,64.22.38.66
1378,64.22.38.66
1379,64.22.38.66
1380,64.22.38.66
1381,64.22.38.66
1382,64.22.38.66
1383,64.22.38.66
1384,178.128.79.45
1385,185.26.32.5
1386,197.211.245.76
1387,178.62.56.163
1388,36.233.97.38
1389,120.51.7.12
1390,27.106.39.200
1391,61.205.167.76
1392,61.205.167.76
1393,61.205.167.76
1394,61.205.167.76
1395,61.205.167.76
1396,61.205.167.76
1397,61.205.167.76
1398,61.205.167.76
1399,61.205.167.76
1400,61.205.167.76
1401,61.205.167.76
1402,61.205.167.76
1403,61.205.167.76
1404,61.205.167.76
1405,61.205.167.76
1406,61.205.167.76
1407,201.242.183.133
1408,61.205.167.76
1409,201.242.183.133
1410,61.205.167.76
1411,201.242.183.133
1412,61.205.167.76
1413,86.137.49.28
1414,201.242.183.133
1415,61.205.167.76
1416,201.242.183.133
1417,61.205.167.76
1418,201.242.183.133
1419,61.205.167.76
1420,201.242.183.133
1421,201.242.183.133
1422,61.205.167.76
1423,201.242.183.133
1424,61.205.167.76
1425,201.242.183.133
1426,61.205.167.76
1427,61.205.167.76
1428,61.205.167.76
1429,61.205.167.76
1430,61.205.167.76
1431,61.205.167.76
1432,61.205.167.76
1433,61.205.167.76
1434,61.205.167.76
1435,61.205.167.76
1436,61.205.167.76
1437,61.205.167.76
1438,61.205.167.76
1439,61.205.167.76
1440,61.205.167.76
1441,61.205.167.76
1442,61.205.167.76
1443,61.205.167.76
1444,61.205.167.76
1445,61.205.167.76
1446,61.205.167.76
1447,61.205.167.76
1448,61.205.167.76
1449,61.205.167.76
1450,61.205.167.76
1451,61.205.167.76
1452,188.19.15.151
1453,61.205.167.76
1454,188.19.15.151
1455,61.205.167.76
1456,188.19.15.151
1457,61.205.167.76
1458,188.19.15.151
1459,188.19.15.151
1460,61.205.167.76
1461,188.19.15.151
1462,188.19.15.151
1463,61.205.167.76
1464,188.19.15.151
1465,188.19.15.151
1466,170.245.138.42
1467,61.205.167.76
1468,188.19.15.151
1469,61.205.167.76
1470,188.19.15.151
1471,61.205.167.76
1472,188.19.15.151
1473,61.205.167.76
1474,188.19.15.151
1475,61.205.167.76
1476,61.205.167.76
1477,188.19.15.151
1478,61.205.167.76
1479,188.19.15.151
1480,61.205.167.76
1481,61.205.167.76
1482,61.205.167.76
1483,61.205.167.76
1484,61.205.167.76
1485,61.205.167.76
1486,61.205.167.76
1487,61.205.167.76
1488,61.205.167.76
1489,61.205.167.76
1490,61.205.167.76
1491,61.205.167.76
1492,61.205.167.76
1493,61.205.167.76
1494,61.205.167.76
1495,61.205.167.76
1496,119.98.111.130
1497,119.98.111.130
1498,61.205.167.76
1499,119.98.111.130
1500,119.98.111.130
1501,119.98.111.130
1502,61.205.167.76
1503,119.98.111.130
1504,119.98.111.130
1505,119.98.111.130
1506,119.98.111.130
1507,119.98.111.130
1508,82.209.65.237
1509,82.209.65.237
1510,82.209.65.237
1511,82.209.65.237
1512,82.209.65.237
1513,82.209.65.237
1514,82.209.65.237
1515,82.209.65.237
1516,82.209.65.237
1517,82.209.65.237
1518,82.209.65.237
1519,82.209.65.237
1520,82.209.65.237
1521,82.209.65.237
1522,82.209.65.237
1523,85.54.237.134
1524,82.209.65.237
1525,82.209.65.237
1526,85.54.237.134
1527,82.209.65.237
1528,85.54.237.134
1529,82.209.65.237
1530,85.54.237.134
1531,82.209.65.237
1532,85.54.237.134
1533,85.54.237.134
1534,85.54.237.134
1535,85.54.237.134
1536,85.54.237.134
1537,85.54.237.134
1538,85.54.237.134
1539,85.54.237.134
1540,85.54.237.134
1541,85.54.237.134
1542,171.7.82.88
1543,103.102.73.75
1544,187.131.131.170
1545,187.131.131.170
1546,187.131.131.170
1547,187.131.131.170
1548,39.43.95.236
1549,39.43.95.236
1550,39.43.95.236
1551,39.43.95.236
1552,39.43.95.236
1553,39.43.95.236
1554,120.27.233.64
1555,120.27.233.64
1556,120.27.233.64
1557,120.27.233.64
1558,120.27.233.64
1559,120.27.233.64
1560,120.27.233.64
1561,120.27.233.64
1562,120.27.233.64
1563,120.27.233.64
1564,120.27.233.64
1565,120.27.233.64
1566,120.27.233.64
1567,120.27.233.64
1568,120.27.233.64
1569,120.27.233.64
1570,120.27.233.64
1571,120.27.233.64
1572,120.27.233.64
1573,120.27.233.64
1574,120.27.233.64
1575,120.27.233.64
1576,120.27.233.64
1577,120.27.233.64
1578,120.27.233.64
1579,120.27.233.64
1580,120.27.233.64
1581,120.27.233.64
1582,120.27.233.64
1583,120.27.233.64
1584,120.27.233.64
1585,120.27.233.64
1586,120.27.233.64
1587,120.27.233.64
1588,120.27.233.64
1589,120.27.233.64
1590,120.27.233.64
1591,120.27.233.64
1592,120.27.233.64
1593,120.27.233.64
1594,120.27.233.64
1595,120.27.233.64
1596,120.27.233.64
1597,120.27.233.64
1598,39.43.95.236
1599,120.27.233.64
1600,120.27.233.64
1601,120.27.233.64
1602,120.27.233.64
1603,120.27.233.64
1604,120.27.233.64
1605,120.27.233.64
1606,120.27.233.64
1607,120.27.233.64
1608,120.27.233.64
1609,120.27.233.64
1610,120.27.233.64
1611,120.27.233.64
1612,120.27.233.64
1613,120.27.233.64
1614,120.27.233.64
1615,120.27.233.64
1616,120.27.233.64
1617,120.27.233.64
1618,120.27.233.64
1619,120.27.233.64
1620,120.27.233.64
1621,120.27.233.64
1622,120.27.233.64
1623,120.27.233.64
1624,120.27.233.64
1625,120.27.233.64
1626,120.27.233.64
1627,120.27.233.64
1628,120.27.233.64
1629,120.27.233.64
1630,120.27.233.64
1631,120.27.233.64
1632,120.27.233.64
1633,120.27.233.64
1634,120.27.233.64
1635,120.27.233.64
1636,120.27.233.64
1637,120.27.233.64
1638,120.27.233.64
1639,120.27.233.64
1640,120.27.233.64
1641,120.27.233.64
1642,120.27.233.64
1643,120.27.233.64
1644,120.27.233.64
1645,120.27.233.64
1646,120.27.233.64
1647,120.27.233.64
1648,120.27.233.64
1649,120.27.233.64
1650,120.27.233.64
1651,120.27.233.64
1652,39.43.95.236
1653,120.27.233.64
1654,120.27.233.64
1655,120.27.233.64
1656,120.27.233.64
1657,120.27.233.64
1658,120.27.233.64
1659,120.27.233.64
1660,120.27.233.64
1661,120.27.233.64
1662,120.27.233.64
1663,120.27.233.64
1664,120.27.233.64
1665,120.27.233.64
1666,120.27.233.64
1667,120.27.233.64
1668,120.27.233.64
1669,120.27.233.64
1670,120.27.233.64
1671,120.27.233.64
1672,120.27.233.64
1673,120.27.233.64
1674,120.27.233.64
1675,120.27.233.64
1676,120.27.233.64
1677,120.27.233.64
1678,120.27.233.64
1679,120.27.233.64
1680,120.27.233.64
1681,120.27.233.64
1682,120.27.233.64
1683,120.27.233.64
1684,120.27.233.64
1685,120.27.233.64
1686,120.27.233.64
1687,120.27.233.64
1688,120.27.233.64
1689,120.27.233.64
1690,120.27.233.64
1691,120.27.233.64
1692,120.27.233.64
1693,120.27.233.64
1694,120.27.233.64
1695,120.27.233.64
1696,120.27.233.64
1697,120.27.233.64
1698,120.27.233.64
1699,120.27.233.64
1700,120.27.233.64
1701,120.27.233.64
1702,120.27.233.64
1703,120.27.233.64
1704,120.27.233.64
1705,120.27.233.64
1706,39.43.95.236
1707,120.27.233.64
1708,120.27.233.64
1709,120.27.233.64
1710,120.27.233.64
1711,120.27.233.64
1712,120.27.233.64
1713,120.27.233.64
1714,120.27.233.64
1715,120.27.233.64
1716,120.27.233.64
1717,120.27.233.64
1718,120.27.233.64
1719,120.27.233.64
1720,120.27.233.64
1721,39.43.95.236
1722,59.125.227.206
1723,59.125.227.206
1724,87.122.100.42
1725,190.158.232.21
1726,190.158.232.21
1727,190.158.232.21
1728,190.158.232.21
1729,190.158.232.21
1730,190.158.232.21
1731,190.158.232.21
1732,190.158.232.21
1733,177.137.161.213
1734,188.158.236.152
1735,188.158.236.152
1736,201.69.130.218
1737,80.33.207.34
1738,80.33.207.34
1739,80.33.207.34
1740,80.33.207.34
1741,80.33.207.34
1742,80.33.207.34
1743,80.33.207.34
1744,80.33.207.34
1745,80.33.207.34
1746,183.192.245.28
1747,183.192.245.28
1748,183.192.245.28
1749,183.192.245.28
1750,183.192.245.28
1751,183.192.245.28
1752,34.223.218.23
1753,183.192.245.28
1754,183.192.245.28
1755,183.192.245.28
1756,183.192.245.28
1757,194.50.254.169
1758,183.192.245.28
1759,183.192.245.28
1760,183.192.245.28
1761,183.192.245.28
1762,183.192.245.28
1763,183.192.245.28
1764,183.192.245.28
1765,183.192.245.28
1766,183.192.245.28
1767,183.192.245.28
1768,201.203.46.241
1769,115.193.179.109
1770,115.193.179.109
1771,115.193.179.109
1772,115.193.179.109
1773,115.193.179.109
1774,115.193.179.109
1775,115.193.179.109
1776,115.193.179.109
1777,115.193.179.109
1778,115.193.179.109
1779,123.96.1.137
1780,115.193.179.109
1781,115.193.179.109
1782,115.193.179.109
1783,115.193.179.109
1784,115.193.179.109
1785,115.193.179.109
1786,115.193.179.109
1787,115.193.179.109
1788,115.193.179.109
1789,115.193.179.109
1790,115.193.179.109
1791,115.193.179.109
1792,190.198.24.159
1793,190.198.24.159
1794,219.91.138.201
1795,219.91.138.201
1796,219.91.138.201
1797,219.91.138.201
1798,219.91.138.201
1799,219.91.138.201
1800,219.91.138.201
1801,219.91.138.201
1802,219.91.138.201
1803,219.91.138.201
1804,219.91.138.201
1805,219.91.138.201
1806,219.91.138.201
1807,219.91.138.201
1808,219.91.138.201
1809,219.91.138.201
1810,219.91.138.201
1811,219.91.138.201
1812,219.91.138.201
1813,219.91.138.201
1814,219.91.138.201
1815,219.91.138.201
1816,219.91.138.201
1817,219.91.138.201
1818,219.91.138.201
1819,219.91.138.201
1820,219.91.138.201
1821,219.91.138.201
1822,219.91.138.201
1823,219.91.138.201
1824,219.91.138.201
1825,219.91.138.201
1826,219.91.138.201
1827,219.91.138.201
1828,219.91.138.201
1829,165.73.60.96
1830,165.73.60.96
1831,219.91.138.201
1832,165.73.60.96
1833,219.91.138.201
1834,165.73.60.96
1835,165.73.60.96
1836,165.73.60.96
1837,165.73.60.96
1838,165.73.60.96
1839,90.10.137.234
1840,165.73.60.96
1841,165.73.60.96
1842,112.192.62.222
1843,112.192.62.222
1844,112.192.62.222
1845,112.192.62.222
1846,112.192.62.222
1847,1.169.22.253
1848,112.192.62.222
1849,112.192.62.222
1850,112.192.62.222
1851,112.192.62.222
1852,112.192.62.222
1853,112.192.62.222
1854,112.192.62.222
1855,112.192.62.222
1856,112.192.62.222
1857,112.192.62.222
1858,112.192.62.222
1859,112.192.62.222
1860,112.192.62.222
1861,112.192.62.222
1862,112.192.62.222
1863,190.130.12.10
1864,107.170.212.162
1865,46.91.26.49
1866,188.136.228.151
1867,124.13.248.136
1868,37.79.100.50
1869,37.79.100.50
1870,37.79.100.50
1871,37.79.100.50
1872,115.59.20.83
1873,37.79.100.50
1874,115.59.20.83
1875,37.79.100.50
1876,115.59.20.83
1877,37.79.100.50
1878,115.59.20.83
1879,37.79.100.50
1880,192.186.23.25
1881,192.186.23.25
1882,192.186.23.25
1883,192.186.23.25
1884,192.186.23.25
1885,192.186.23.25
1886,192.186.23.25
1887,192.186.23.25
1888,192.186.23.25
1889,192.186.23.25
1890,192.186.23.25
1891,192.186.23.25
1892,192.186.23.25
1893,192.186.23.25
1894,192.186.23.25
1895,115.59.20.83
1896,192.186.23.25
1897,192.186.23.25
1898,192.186.23.25
1899,192.186.23.25
1900,192.186.23.25
1901,192.186.23.25
1902,37.79.100.50
1903,192.186.23.25
1904,192.186.23.25
1905,192.186.23.25
1906,192.186.23.25
1907,192.186.23.25
1908,192.186.23.25
1909,192.186.23.25
1910,192.186.23.25
1911,192.186.23.25
1912,192.186.23.25
1913,192.186.23.25
1914,192.186.23.25
1915,192.186.23.25
1916,192.186.23.25
1917,192.186.23.25
1918,192.186.23.25
1919,192.186.23.25
1920,192.186.23.25
1921,192.186.23.25
1922,115.59.20.83
1923,192.186.23.25
1924,192.186.23.25
1925,192.186.23.25
1926,192.186.23.25
1927,192.186.23.25
1928,192.186.23.25
1929,192.186.23.25
1930,192.186.23.25
1931,192.186.23.25
1932,192.186.23.25
1933,192.186.23.25
1934,192.186.23.25
1935,37.79.100.50
1936,192.186.23.25
1937,192.186.23.25
1938,192.186.23.25
1939,192.186.23.25
1940,192.186.23.25
1941,192.186.23.25
1942,192.186.23.25
1943,192.186.23.25
1944,192.186.23.25
1945,192.186.23.25
1946,192.186.23.25
1947,192.186.23.25
1948,192.186.23.25
1949,192.186.23.25
1950,192.186.23.25
1951,192.186.23.25
1952,192.186.23.25
1953,192.186.23.25
1954,192.186.23.25
1955,192.186.23.25
1956,192.186.23.25
1957,192.186.23.25
1958,192.186.23.25
1959,192.186.23.25
1960,115.59.20.83
1961,192.186.23.25
1962,192.186.23.25
1963,192.186.23.25
1964,192.186.23.25
1965,192.186.23.25
1966,192.186.23.25
1967,37.79.100.50
1968,192.186.23.25
1969,192.186.23.25
1970,192.186.23.25
1971,192.186.23.25
1972,192.186.23.25
1973,192.186.23.25
1974,192.186.23.25
1975,192.186.23.25
1976,192.186.23.25
1977,192.186.23.25
1978,192.186.23.25
1979,192.186.23.25
1980,192.186.23.25
1981,192.186.23.25
1982,115.59.20.83
1983,192.186.23.25
1984,192.186.23.25
1985,192.186.23.25
1986,192.186.23.25
1987,192.186.23.25
1988,192.186.23.25
1989,192.186.23.25
1990,192.186.23.25
1991,192.186.23.25
1992,37.79.100.50
1993,192.186.23.25
1994,192.186.23.25
1995,192.186.23.25
1996,192.186.23.25
1997,192.186.23.25
1998,192.186.23.25
1999,192.186.23.25
2000,192.186.23.25
2001,192.186.23.25
2002,192.186.23.25
2003,192.186.23.25
2004,192.186.23.25
2005,192.186.23.25
2006,115.59.20.83
2007,192.186.23.25
2008,192.186.23.25
2009,192.186.23.25
2010,192.186.23.25
2011,192.186.23.25
2012,192.186.23.25
2013,192.186.23.25
2014,192.186.23.25
2015,192.186.23.25
2016,37.79.100.50
2017,192.186.23.25
2018,192.186.23.25
2019,192.186.23.25
2020,192.186.23.25
2021,192.186.23.25
2022,192.186.23.25
2023,192.186.23.25
2024,192.186.23.25
2025,192.186.23.25
2026,192.186.23.25
2027,192.186.23.25
2028,192.186.23.25
2029,192.186.23.25
2030,192.186.23.25
2031,192.186.23.25
2032,192.186.23.25
2033,192.186.23.25
2034,192.186.23.25
2035,192.186.23.25
2036,192.186.23.25
2037,192.186.23.25
2038,115.59.20.83
2039,192.186.23.25
2040,192.186.23.25
2041,192.186.23.25
2042,192.186.23.25
2043,192.186.23.25
2044,37.79.100.50
2045,192.186.23.25
2046,192.186.23.25
2047,192.186.23.25
2048,192.186.23.25
2049,192.186.23.25
2050,192.186.23.25
2051,192.186.23.25
2052,192.186.23.25
2053,192.186.23.25
2054,192.186.23.25
2055,192.186.23.25
2056,192.186.23.25
2057,192.186.23.25
2058,115.59.20.83
2059,192.186.23.25
2060,192.186.23.25
2061,192.186.23.25
2062,192.186.23.25
2063,192.186.23.25
2064,192.186.23.25
2065,192.186.23.25
2066,192.186.23.25
2067,37.79.100.50
2068,192.186.23.25
2069,192.186.23.25
2070,192.186.23.25
2071,192.186.23.25
2072,192.186.23.25
2073,192.186.23.25
2074,192.186.23.25
2075,192.186.23.25
2076,192.186.23.25
2077,192.186.23.25
2078,192.186.23.25
2079,192.186.23.25
2080,192.186.23.25
2081,192.186.23.25
2082,115.59.20.83
2083,192.186.23.25
2084,192.186.23.25
2085,192.186.23.25
2086,192.186.23.25
2087,192.186.23.25
2088,192.186.23.25
2089,192.186.23.25
2090,37.79.100.50
2091,192.186.23.25
2092,192.186.23.25
2093,192.186.23.25
2094,192.186.23.25
2095,192.186.23.25
2096,192.186.23.25
2097,192.186.23.25
2098,192.186.23.25
2099,192.186.23.25
2100,192.186.23.25
2101,192.186.23.25
2102,192.186.23.25
2103,192.186.23.25
2104,192.186.23.25
2105,192.186.23.25
2106,192.186.23.25
2107,192.186.23.25
2108,192.186.23.25
2109,115.59.20.83
2110,192.186.23.25
2111,192.186.23.25
2112,192.186.23.25
2113,192.186.23.25
2114,192.186.23.25
2115,192.186.23.25
2116,192.186.23.25
2117,192.186.23.25
2118,192.186.23.25
2119,37.79.100.50
2120,192.186.23.25
2121,192.186.23.25
2122,192.186.23.25
2123,192.186.23.25
2124,192.186.23.25
2125,192.186.23.25
2126,192.186.23.25
2127,192.186.23.25
2128,192.186.23.25
2129,192.186.23.25
2130,192.186.23.25
2131,192.186.23.25
2132,192.186.23.25
2133,192.186.23.25
2134,192.186.23.25
2135,192.186.23.25
2136,192.186.23.25
2137,115.59.20.83
2138,192.186.23.25
2139,192.186.23.25
2140,37.79.100.50
2141,192.186.23.25
2142,192.186.23.25
2143,192.186.23.25
2144,192.186.23.25
2145,192.186.23.25
2146,192.186.23.25
2147,192.186.23.25
2148,192.186.23.25
2149,192.186.23.25
2150,192.186.23.25
2151,192.186.23.25
2152,192.186.23.25
2153,192.186.23.25
2154,192.186.23.25
2155,192.186.23.25
2156,192.186.23.25
2157,192.186.23.25
2158,192.186.23.25
2159,115.59.20.83
2160,37.79.100.50
2161,115.59.20.83
2162,37.79.100.50
2163,115.59.20.83
2164,37.79.100.50
2165,115.59.20.83
2166,37.79.100.50
2167,115.59.20.83
2168,37.79.100.50
2169,115.59.20.83
2170,37.79.100.50
2171,115.59.20.83
2172,37.79.100.50
2173,115.59.20.83
2174,37.79.100.50
2175,115.59.20.83
2176,37.79.100.50
2177,115.59.20.83
2178,37.79.100.50
2179,115.59.20.83
2180,37.79.100.50
2181,115.59.20.83
2182,37.79.100.50
2183,115.59.20.83
2184,37.79.100.50
2185,115.59.20.83
2186,37.79.100.50
2187,115.59.20.83
2188,37.79.100.50
2189,37.79.100.50
2190,115.59.20.83
2191,37.79.100.50
2192,115.59.20.83
2193,37.79.100.50
2194,115.59.20.83
2195,37.79.100.50
2196,115.59.20.83
2197,37.79.100.50
2198,115.59.20.83
2199,37.79.100.50
2200,115.59.20.83
2201,115.59.20.83
2202,115.59.20.83
2203,115.59.20.83
2204,115.59.20.83
2205,115.59.20.83
2206,115.59.20.83
2207,115.59.20.83
2208,115.59.20.83
2209,115.59.20.83
2210,115.59.20.83
2211,115.59.20.83
2212,115.59.20.83
2213,115.59.20.83
2214,115.59.20.83
2215,115.59.20.83
2216,115.59.20.83
2217,115.59.20.83
2218,115.59.20.83
2219,115.59.20.83
2220,115.59.20.83
2221,115.59.20.83
2222,115.59.20.83
2223,115.59.20.83
2224,115.59.20.83
2225,115.59.20.83
2226,115.59.20.83
2227,115.59.20.83
2228,84.2.63.239
2229,115.59.20.83
2230,115.59.20.83
2231,115.59.20.83
2232,115.59.20.83
2233,115.59.20.83
2234,115.59.20.83
2235,115.59.20.83
2236,115.59.20.83
2237,190.19.230.62
2238,115.59.20.83
2239,121.201.45.173
2240,121.201.45.173
2241,121.201.45.173
2242,121.201.45.173
2243,121.201.45.173
2244,121.201.45.173
2245,121.201.45.173
2246,121.201.45.173
2247,121.201.45.173
2248,115.59.20.83
2249,121.201.45.173
2250,121.201.45.173
2251,121.201.45.173
2252,121.201.45.173
2253,121.201.45.173
2254,121.201.45.173
2255,121.201.45.173
2256,121.201.45.173
2257,121.201.45.173
2258,121.201.45.173
2259,121.201.45.173
2260,121.201.45.173
2261,121.201.45.173
2262,121.201.45.173
2263,121.201.45.173
2264,121.201.45.173
2265,121.201.45.173
2266,121.201.45.173
2267,121.201.45.173
2268,121.201.45.173
2269,121.201.45.173
2270,121.201.45.173
2271,121.201.45.173
2272,121.201.45.173
2273,121.201.45.173
2274,121.201.45.173
2275,121.201.45.173
2276,121.201.45.173
2277,121.201.45.173
2278,121.201.45.173
2279,121.201.45.173
2280,121.201.45.173
2281,121.201.45.173
2282,121.201.45.173
2283,121.201.45.173
2284,121.201.45.173
2285,115.59.20.83
2286,121.201.45.173
2287,121.201.45.173
2288,121.201.45.173
2289,121.201.45.173
2290,121.201.45.173
2291,121.201.45.173
2292,121.201.45.173
2293,121.201.45.173
2294,121.201.45.173
2295,121.201.45.173
2296,121.201.45.173
2297,121.201.45.173
2298,121.201.45.173
2299,121.201.45.173
2300,121.201.45.173
2301,121.201.45.173
2302,121.201.45.173
2303,121.201.45.173
2304,121.201.45.173
2305,121.201.45.173
2306,121.201.45.173
2307,121.201.45.173
2308,121.201.45.173
2309,121.201.45.173
2310,121.201.45.173
2311,121.201.45.173
2312,121.201.45.173
2313,121.201.45.173
2314,121.201.45.173
2315,121.201.45.173
2316,121.201.45.173
2317,121.201.45.173
2318,121.201.45.173
2319,121.201.45.173
2320,121.201.45.173
2321,121.201.45.173
2322,121.201.45.173
2323,121.201.45.173
2324,121.201.45.173
2325,121.201.45.173
2326,121.201.45.173
2327,121.201.45.173
2328,121.201.45.173
2329,121.201.45.173
2330,121.201.45.173
2331,115.59.20.83
2332,121.201.45.173
2333,121.201.45.173
2334,121.201.45.173
2335,121.201.45.173
2336,121.201.45.173
2337,121.201.45.173
2338,121.201.45.173
2339,121.201.45.173
2340,121.201.45.173
2341,121.201.45.173
2342,121.201.45.173
2343,121.201.45.173
2344,121.201.45.173
2345,121.201.45.173
2346,121.201.45.173
2347,121.201.45.173
2348,121.201.45.173
2349,121.201.45.173
2350,121.201.45.173
2351,121.201.45.173
2352,121.201.45.173
2353,121.201.45.173
2354,121.201.45.173
2355,121.201.45.173
2356,121.201.45.173
2357,121.201.45.173
2358,121.201.45.173
2359,121.201.45.173
2360,121.201.45.173
2361,121.201.45.173
2362,121.201.45.173
2363,121.201.45.173
2364,121.201.45.173
2365,121.201.45.173
2366,121.201.45.173
2367,121.201.45.173
2368,121.201.45.173
2369,121.201.45.173
2370,121.201.45.173
2371,121.201.45.173
2372,121.201.45.173
2373,121.201.45.173
2374,121.201.45.173
2375,121.201.45.173
2376,121.201.45.173
2377,121.201.45.173
2378,115.59.20.83
2379,121.201.45.173
2380,121.201.45.173
2381,121.201.45.173
2382,121.201.45.173
2383,121.201.45.173
2384,121.201.45.173
2385,121.201.45.173
2386,121.201.45.173
2387,121.201.45.173
2388,121.201.45.173
2389,121.201.45.173
2390,121.201.45.173
2391,121.201.45.173
2392,121.201.45.173
2393,121.201.45.173
2394,121.201.45.173
2395,121.201.45.173
2396,121.201.45.173
2397,121.201.45.173
2398,121.201.45.173
2399,121.201.45.173
2400,121.201.45.173
2401,121.201.45.173
2402,121.201.45.173
2403,121.201.45.173
2404,121.201.45.173
2405,121.201.45.173
2406,121.201.45.173
2407,121.201.45.173
2408,121.201.45.173
2409,121.201.45.173
2410,121.201.45.173
2411,121.201.45.173
2412,121.201.45.173
2413,121.201.45.173
2414,121.201.45.173
2415,121.201.45.173
2416,121.201.45.173
2417,121.201.45.173
2418,121.201.45.173
2419,121.201.45.173
2420,121.201.45.173
2421,121.201.45.173
2422,121.201.45.173
2423,121.201.45.173
2424,121.201.45.173
2425,121.201.45.173
2426,121.201.45.173
2427,121.201.45.173
2428,121.201.45.173
2429,115.59.20.83
2430,121.201.45.173
2431,121.201.45.173
2432,121.201.45.173
2433,121.201.45.173
2434,121.201.45.173
2435,121.201.45.173
2436,121.201.45.173
2437,121.201.45.173
2438,121.201.45.173
2439,121.201.45.173
2440,121.201.45.173
2441,121.201.45.173
2442,121.201.45.173
2443,121.201.45.173
2444,121.201.45.173
2445,121.201.45.173
2446,121.201.45.173
2447,121.201.45.173
2448,121.201.45.173
2449,121.201.45.173
2450,121.201.45.173
2451,121.201.45.173
2452,121.201.45.173
2453,121.201.45.173
2454,121.201.45.173
2455,121.201.45.173
2456,121.201.45.173
2457,121.201.45.173
2458,121.201.45.173
2459,121.201.45.173
2460,121.201.45.173
2461,121.201.45.173
2462,121.201.45.173
2463,121.201.45.173
2464,121.201.45.173
2465,121.201.45.173
2466,121.201.45.173
2467,121.201.45.173
2468,121.201.45.173
2469,121.201.45.173
2470,121.201.45.173
2471,121.201.45.173
2472,121.201.45.173
2473,121.201.45.173
2474,121.201.45.173
2475,121.201.45.173
2476,121.201.45.173
2477,121.201.45.173
2478,121.201.45.173
2479,121.201.45.173
2480,121.201.45.173
2481,121.201.45.173
2482,121.201.45.173
2483,121.201.45.173
2484,121.201.45.173
2485,121.201.45.173
2486,121.201.45.173
2487,121.201.45.173
2488,121.201.45.173
2489,121.201.45.173
2490,115.59.20.83
2491,121.201.45.173
2492,121.201.45.173
2493,121.201.45.173
2494,121.201.45.173
2495,121.201.45.173
2496,121.201.45.173
2497,121.201.45.173
2498,121.201.45.173
2499,121.201.45.173
2500,121.201.45.173
2501,121.201.45.173
2502,121.201.45.173
2503,121.201.45.173
2504,115.59.20.83
2505,115.59.20.83
2506,115.59.20.83
2507,115.59.20.83
2508,115.59.20.83
2509,177.94.9.230
2510,115.59.20.83
2511,115.59.20.83
2512,115.59.20.83
2513,223.79.161.181
2514,115.59.20.83
2515,223.79.161.181
2516,115.59.20.83
2517,223.79.161.181
2518,115.59.20.83
2519,115.59.20.83
2520,115.59.20.83
2521,115.59.20.83
2522,37.49.231.58
2523,83.68.244.51
2524,83.68.244.51
2525,83.68.244.51
2526,83.68.244.51
2527,83.68.244.51
2528,83.68.244.51
2529,83.68.244.51
2530,83.68.244.51
2531,83.68.244.51
2532,83.68.244.51
2533,46.29.165.34
2534,58.187.187.84
2535,58.187.187.84
2536,58.187.187.84
2537,58.187.187.84
2538,58.187.187.84
2539,58.187.187.84
2540,58.187.187.84
2541,58.187.187.84
2542,58.187.187.84
2543,58.187.187.84
2544,58.187.187.84
2545,218.57.72.117
2546,218.57.72.117
2547,218.57.72.117
2548,218.57.72.117
2549,218.57.72.117
2550,218.57.72.117
2551,218.57.72.117
2552,218.57.72.117
2553,218.57.72.117
2554,46.29.165.34
2555,218.57.72.117
2556,218.57.72.117
2557,218.57.72.117
2558,218.57.72.117
2559,218.57.72.117
2560,218.57.72.117
2561,186.208.139.204
2562,186.208.139.204
2563,186.208.139.204
2564,186.208.139.204
2565,186.208.139.204
2566,186.208.139.204
2567,186.208.139.204
2568,186.208.139.204
2569,186.208.139.204
2570,186.208.139.204
2571,186.208.139.204
2572,186.208.139.204
2573,186.208.139.204
2574,186.208.139.204
2575,186.208.139.204
2576,186.208.139.204
2577,186.208.139.204
2578,186.208.139.204
2579,186.208.139.204
2580,52.15.252.65
2581,186.208.139.204
2582,186.208.139.204
2583,186.208.139.204
2584,186.208.139.204
2585,186.208.139.204
2586,186.208.139.204
2587,186.208.139.204
2588,186.208.139.204
2589,186.208.139.204
2590,186.208.139.204
2591,186.208.139.204
2592,186.208.139.204
2593,186.208.139.204
2594,186.208.139.204
2595,186.208.139.204
2596,186.208.139.204
2597,186.208.139.204
2598,186.208.139.204
2599,186.208.139.204
2600,80.87.209.62
2601,186.208.139.204
2602,186.208.139.204
2603,186.208.139.204
2604,202.71.27.96
2605,186.208.139.204
2606,202.71.27.96
2607,186.208.139.204
2608,202.71.27.96
2609,176.58.123.79
2610,176.58.123.79
2611,176.58.123.79
2612,186.208.139.204
2613,202.71.27.96
2614,186.208.139.204
2615,202.71.27.96
2616,202.71.27.96
2617,186.208.139.204
2618,202.71.27.96
2619,186.208.139.204
2620,202.71.27.96
2621,186.208.139.204
2622,202.71.27.96
2623,186.208.139.204
2624,202.71.27.96
2625,186.208.139.204
2626,186.208.139.204
2627,186.208.139.204
2628,186.208.139.204
2629,186.208.139.204
2630,186.208.139.204
2631,186.208.139.204
2632,186.208.139.204
2633,186.208.139.204
2634,186.208.139.204
2635,186.208.139.204
2636,186.208.139.204
2637,186.208.139.204
2638,186.208.139.204
2639,186.208.139.204
2640,186.208.139.204
2641,186.208.139.204
2642,186.208.139.204
2643,186.208.139.204
2644,186.208.139.204
2645,186.208.139.204
2646,186.208.139.204
2647,186.208.139.204
2648,186.208.139.204
2649,186.208.139.204
2650,186.208.139.204
2651,186.208.139.204
2652,186.208.139.204
2653,186.208.139.204
2654,186.208.139.204
2655,186.208.139.204
2656,186.208.139.204
2657,2.249.160.194
2658,186.208.139.204
2659,2.249.160.194
2660,186.208.139.204
2661,2.249.160.194
2662,186.208.139.204
2663,2.249.160.194
2664,2.249.160.194
2665,186.208.139.204
2666,2.249.160.194
2667,186.208.139.204
2668,2.249.160.194
2669,186.208.139.204
2670,2.249.160.194
2671,186.208.139.204
2672,2.249.160.194
2673,2.249.160.194
2674,186.208.139.204
2675,2.249.160.194
2676,186.208.139.204
2677,2.249.160.194
2678,186.208.139.204
2679,2.249.160.194
2680,2.249.160.194
2681,2.249.160.194
2682,2.249.160.194
2683,2.249.160.194
2684,2.249.160.194
2685,2.249.160.194
2686,2.249.160.194
2687,2.249.160.194
2688,2.249.160.194
2689,2.249.160.194
2690,2.249.160.194
2691,2.249.160.194
2692,2.249.160.194
2693,2.249.160.194
2694,2.249.160.194
2695,2.249.160.194
2696,2.249.160.194
2697,2.249.160.194
2698,2.249.160.194
2699,2.249.160.194
2700,2.249.160.194
2701,2.249.160.194
2702,2.249.160.194
2703,2.249.160.194
2704,2.249.160.194
2705,2.249.160.194
2706,2.249.160.194
2707,2.249.160.194
2708,2.249.160.194
2709,2.249.160.194
2710,2.249.160.194
2711,2.249.160.194
2712,2.249.160.194
2713,2.249.160.194
2714,118.24.205.97
2715,2.249.160.194
2716,118.24.205.97
2717,2.249.160.194
2718,118.24.205.97
2719,2.249.160.194
2720,2.249.160.194
2721,118.24.205.97
2722,2.249.160.194
2723,27.211.43.82
2724,2.249.160.194
2725,27.211.43.82
2726,2.249.160.194
2727,27.211.43.82
2728,2.249.160.194
2729,27.211.43.82
2730,2.249.160.194
2731,27.211.43.82
2732,2.249.160.194
2733,27.211.43.82
2734,2.249.160.194
2735,27.211.43.82
2736,2.249.160.194
2737,2.249.160.194
2738,27.211.43.82
2739,2.249.160.194
2740,2.249.160.194
2741,2.249.160.194
2742,2.249.160.194
2743,2.249.160.194
2744,2.249.160.194
2745,197.89.174.176
2746,2.249.160.194
2747,2.249.160.194
2748,2.249.160.194
2749,2.249.160.194
2750,2.249.160.194
2751,2.249.160.194
2752,197.89.174.176
2753,2.249.160.194
2754,2.249.160.194
2755,2.249.160.194
2756,2.249.160.194
2757,2.249.160.194
2758,2.249.160.194
2759,222.136.61.222
2760,2.249.160.194
2761,222.136.61.222
2762,2.249.160.194
2763,222.136.61.222
2764,2.249.160.194
2765,222.136.61.222
2766,2.249.160.194
2767,222.136.61.222
2768,2.249.160.194
2769,222.136.61.222
2770,2.249.160.194
2771,222.136.61.222
2772,2.249.160.194
2773,222.136.61.222
2774,2.249.160.194
2775,222.136.61.222
2776,2.249.160.194
2777,222.136.61.222
2778,2.249.160.194
2779,222.136.61.222
2780,2.249.160.194
2781,222.136.61.222
2782,2.249.160.194
2783,2.249.160.194
2784,222.136.61.222
2785,222.136.61.222
2786,222.136.61.222
2787,222.136.61.222
2788,222.136.61.222
2789,222.136.61.222
2790,222.136.61.222
2791,222.136.61.222
2792,213.67.247.246
2793,213.67.247.246
2794,213.67.247.246
2795,125.115.128.92
2796,95.221.0.52
2797,123.205.67.21
2798,223.158.112.246
2799,223.158.112.246
2800,223.158.112.246
2801,223.158.112.246
2802,223.158.112.246
2803,223.158.112.246
2804,223.158.112.246
2805,223.158.112.246
2806,223.158.112.246
2807,223.158.112.246
2808,223.158.112.246
2809,223.158.112.246
2810,223.158.112.246
2811,223.158.112.246
2812,223.158.112.246
2813,151.31.0.42
2814,151.31.0.42
2815,151.31.0.42
2816,151.31.0.42
2817,190.82.99.162
2818,190.82.99.162
2819,190.82.99.162
2820,190.82.99.162
2821,190.82.99.162
2822,190.82.99.162
2823,190.82.99.162
2824,190.82.99.162
2825,190.82.99.162
2826,51.15.123.94
2827,190.82.99.162
2828,190.82.99.162
2829,190.82.99.162
2830,190.82.99.162
2831,190.82.99.162
2832,51.15.123.94
2833,190.82.99.162
2834,190.82.99.162
2835,190.82.99.162
2836,190.82.99.162
2837,190.82.99.162
2838,190.82.99.162
2839,190.82.99.162
2840,190.82.99.162
2841,190.82.99.162
2842,190.82.99.162
2843,51.15.123.94
2844,190.82.99.162
2845,190.82.99.162
2846,190.82.99.162
2847,190.82.99.162
2848,190.82.99.162
2849,190.82.99.162
2850,190.82.99.162
2851,190.82.99.162
2852,190.82.99.162
2853,190.82.99.162
2854,190.82.99.162
2855,190.82.99.162
2856,190.82.99.162
2857,190.82.99.162
2858,190.82.99.162
2859,190.82.99.162
2860,190.82.99.162
2861,190.82.99.162
2862,190.82.99.162
2863,190.82.99.162
2864,51.15.123.94
2865,190.82.99.162
2866,78.154.36.167
2867,51.15.123.94
2868,142.204.27.58
2869,142.204.27.58
2870,142.204.27.58
2871,142.204.27.58
2872,142.204.27.58
2873,178.212.53.19
2874,189.79.123.148
2875,178.73.215.171
2876,177.10.216.35
2877,23.236.57.135
2878,185.56.180.117
2879,104.40.202.129
2880,42.83.38.204
2881,179.225.211.107
2882,60.191.38.77
2883,201.150.151.101
2884,190.232.221.216
2885,212.83.138.27
2886,212.83.138.27
2887,212.83.138.27
2888,212.83.138.27
2889,212.83.138.27
2890,212.83.138.27
2891,207.183.169.120
2892,54.147.148.177
2893,189.111.35.153
2894,159.224.109.206
2895,185.215.233.131
2896,61.247.51.207
2897,138.204.134.130
2898,104.168.136.126
2899,132.232.193.63
2900,132.232.193.63
2901,132.232.193.63
2902,132.232.193.63
2903,132.232.193.63
2904,132.232.193.63
2905,132.232.193.63
2906,132.232.193.63
2907,132.232.193.63
2908,132.232.193.63
2909,132.232.193.63
2910,132.232.193.63
2911,132.232.193.63
2912,132.232.193.63
2913,132.232.193.63
2914,132.232.193.63
2915,132.232.193.63
2916,132.232.193.63
2917,132.232.193.63
2918,132.232.193.63
2919,132.232.193.63
2920,132.232.193.63
2921,132.232.193.63
2922,132.232.193.63
2923,132.232.193.63
2924,132.232.193.63
2925,132.232.193.63
2926,132.232.193.63
2927,132.232.193.63
2928,132.232.193.63
2929,132.232.193.63
2930,132.232.193.63
2931,132.232.193.63
2932,132.232.193.63
2933,132.232.193.63
2934,132.232.193.63
2935,132.232.193.63
2936,132.232.193.63
2937,132.232.193.63
2938,132.232.193.63
2939,132.232.193.63
2940,132.232.193.63
2941,132.232.193.63
2942,132.232.193.63
2943,132.232.193.63
2944,132.232.193.63
2945,132.232.193.63
2946,132.232.193.63
2947,132.232.193.63
2948,132.232.193.63
2949,132.232.193.63
2950,132.232.193.63
2951,132.232.193.63
2952,132.232.193.63
2953,132.232.193.63
2954,132.232.193.63
2955,132.232.193.63
2956,132.232.193.63
2957,132.232.193.63
2958,132.232.193.63
2959,132.232.193.63
2960,132.232.193.63
2961,132.232.193.63
2962,132.232.193.63
2963,132.232.193.63
2964,132.232.193.63
2965,132.232.193.63
2966,132.232.193.63
2967,132.232.193.63
2968,132.232.193.63
2969,132.232.193.63
2970,132.232.193.63
2971,132.232.193.63
2972,132.232.193.63
2973,132.232.193.63
2974,132.232.193.63
2975,132.232.193.63
2976,132.232.193.63
2977,132.232.193.63
2978,132.232.193.63
2979,132.232.193.63
2980,132.232.193.63
2981,132.232.193.63
2982,132.232.193.63
2983,132.232.193.63
2984,132.232.193.63
2985,132.232.193.63
2986,132.232.193.63
2987,132.232.193.63
2988,132.232.193.63
2989,132.232.193.63
2990,132.232.193.63
2991,132.232.193.63
2992,132.232.193.63
2993,132.232.193.63
2994,132.232.193.63
2995,132.232.193.63
2996,132.232.193.63
2997,132.232.193.63
2998,132.232.193.63
2999,132.232.193.63
3000,132.232.193.63
3001,132.232.193.63
3002,132.232.193.63
3003,132.232.193.63
3004,132.232.193.63
3005,132.232.193.63
3006,132.232.193.63
3007,132.232.193.63
3008,132.232.193.63
3009,132.232.193.63
3010,132.232.193.63
3011,132.232.193.63
3012,132.232.193.63
3013,132.232.193.63
3014,132.232.193.63
3015,132.232.193.63
3016,132.232.193.63
3017,132.232.193.63
3018,132.232.193.63
3019,132.232.193.63
3020,132.232.193.63
3021,132.232.193.63
3022,132.232.193.63
3023,132.232.193.63
3024,132.232.193.63
3025,132.232.193.63
3026,132.232.193.63
3027,132.232.193.63
3028,132.232.193.63
3029,132.232.193.63
3030,132.232.193.63
3031,132.232.193.63
3032,132.232.193.63
3033,132.232.193.63
3034,132.232.193.63
3035,132.232.193.63
3036,132.232.193.63
3037,132.232.193.63
3038,132.232.193.63
3039,132.232.193.63
3040,132.232.193.63
3041,132.232.193.63
3042,132.232.193.63
3043,132.232.193.63
3044,132.232.193.63
3045,132.232.193.63
3046,132.232.193.63
3047,132.232.193.63
3048,132.232.193.63
3049,132.232.193.63
3050,132.232.193.63
3051,132.232.193.63
3052,132.232.193.63
3053,132.232.193.63
3054,132.232.193.63
3055,132.232.193.63
3056,132.232.193.63
3057,132.232.193.63
3058,132.232.193.63
3059,132.232.193.63
3060,132.232.193.63
3061,132.232.193.63
3062,132.232.193.63
3063,132.232.193.63
3064,132.232.193.63
3065,132.232.193.63
3066,132.232.193.63
3067,132.232.193.63
3068,132.232.193.63
3069,132.232.193.63
3070,132.232.193.63
3071,132.232.193.63
3072,132.232.193.63
3073,132.232.193.63
3074,132.232.193.63
3075,132.232.193.63
3076,132.232.193.63
3077,132.232.193.63
3078,132.232.193.63
3079,132.232.193.63
3080,132.232.193.63
3081,132.232.193.63
3082,132.232.193.63
3083,132.232.193.63
3084,132.232.193.63
3085,132.232.193.63
3086,132.232.193.63
3087,132.232.193.63
3088,132.232.193.63
3089,132.232.193.63
3090,132.232.193.63
3091,132.232.193.63
3092,132.232.193.63
3093,132.232.193.63
3094,132.232.193.63
3095,132.232.193.63
3096,132.232.193.63
3097,132.232.193.63
3098,132.232.193.63
3099,132.232.193.63
3100,132.232.193.63
3101,132.232.193.63
3102,132.232.193.63
3103,132.232.193.63
3104,132.232.193.63
3105,132.232.193.63
3106,132.232.193.63
3107,132.232.193.63
3108,132.232.193.63
3109,132.232.193.63
3110,132.232.193.63
3111,132.232.193.63
3112,132.232.193.63
3113,132.232.193.63
3114,132.232.193.63
3115,132.232.193.63
3116,132.232.193.63
3117,132.232.193.63
3118,132.232.193.63
3119,132.232.193.63
3120,132.232.193.63
3121,132.232.193.63
3122,132.232.193.63
3123,132.232.193.63
3124,132.232.193.63
3125,132.232.193.63
3126,132.232.193.63
3127,132.232.193.63
3128,132.232.193.63
3129,132.232.193.63
3130,132.232.193.63
3131,132.232.193.63
3132,132.232.193.63
3133,132.232.193.63
3134,132.232.193.63
3135,132.232.193.63
3136,132.232.193.63
3137,132.232.193.63
3138,132.232.193.63
3139,132.232.193.63
3140,132.232.193.63
3141,132.232.193.63
3142,132.232.193.63
3143,132.232.193.63
3144,132.232.193.63
3145,132.232.193.63
3146,132.232.193.63
3147,132.232.193.63
3148,132.232.193.63
3149,132.232.193.63
3150,132.232.193.63
3151,132.232.193.63
3152,208.78.119.10
3153,104.168.136.126
3154,104.168.136.126
3155,201.42.188.154
3156,189.163.50.192
3157,193.178.187.176
3158,184.153.120.249
3159,5.188.210.12
3160,190.210.97.125
3161,54.219.155.83
3162,103.71.236.215
3163,103.71.236.215
3164,103.71.236.215
3165,103.71.236.215
3166,103.71.236.215
3167,103.71.236.215
3168,103.71.236.215
3169,103.71.236.215
3170,103.71.236.215
3171,103.71.236.215
3172,103.71.236.215
3173,103.71.236.215
3174,103.71.236.215
3175,103.71.236.215
3176,103.71.236.215
3177,103.71.236.215
3178,103.71.236.215
3179,103.71.236.215
3180,103.71.236.215
3181,103.71.236.215
3182,103.71.236.215
3183,103.71.236.215
3184,103.71.236.215
3185,103.71.236.215
3186,103.71.236.215
3187,103.71.236.215
3188,103.71.236.215
3189,103.71.236.215
3190,103.71.236.215
3191,103.71.236.215
3192,103.71.236.215
3193,103.71.236.215
3194,103.71.236.215
3195,103.71.236.215
3196,103.71.236.215
3197,103.71.236.215
3198,103.71.236.215
3199,103.71.236.215
3200,103.71.236.215
3201,103.71.236.215
3202,103.71.236.215
3203,103.71.236.215
3204,103.71.236.215
3205,103.71.236.215
3206,103.71.236.215
3207,103.71.236.215
3208,103.71.236.215
3209,103.71.236.215
3210,103.71.236.215
3211,103.71.236.215
3212,103.71.236.215
3213,103.71.236.215
3214,103.71.236.215
3215,103.71.236.215
3216,103.71.236.215
3217,103.71.236.215
3218,103.71.236.215
3219,103.71.236.215
3220,103.71.236.215
3221,103.71.236.215
3222,103.71.236.215
3223,103.71.236.215
3224,103.71.236.215
3225,103.71.236.215
3226,103.71.236.215
3227,103.71.236.215
3228,103.71.236.215
3229,103.71.236.215
3230,103.71.236.215
3231,103.71.236.215
3232,103.71.236.215
3233,103.71.236.215
3234,103.71.236.215
3235,103.71.236.215
3236,103.71.236.215
3237,103.71.236.215
3238,103.71.236.215
3239,103.71.236.215
3240,103.71.236.215
3241,103.71.236.215
3242,103.71.236.215
3243,103.71.236.215
3244,103.71.236.215
3245,103.71.236.215
3246,103.71.236.215
3247,103.71.236.215
3248,103.71.236.215
3249,103.71.236.215
3250,103.71.236.215
3251,103.71.236.215
3252,103.71.236.215
3253,103.71.236.215
3254,103.71.236.215
3255,103.71.236.215
3256,103.71.236.215
3257,103.71.236.215
3258,103.71.236.215
3259,103.71.236.215
3260,103.71.236.215
3261,103.71.236.215
3262,103.71.236.215
3263,103.71.236.215
3264,103.71.236.215
3265,103.71.236.215
3266,103.71.236.215
3267,103.71.236.215
3268,103.71.236.215
3269,103.71.236.215
3270,103.71.236.215
3271,103.71.236.215
3272,103.71.236.215
3273,103.71.236.215
3274,103.71.236.215
3275,103.71.236.215
3276,103.71.236.215
3277,103.71.236.215
3278,103.71.236.215
3279,103.71.236.215
3280,103.71.236.215
3281,103.71.236.215
3282,103.71.236.215
3283,103.71.236.215
3284,103.71.236.215
3285,103.71.236.215
3286,103.71.236.215
3287,103.71.236.215
3288,103.71.236.215
3289,103.71.236.215
3290,103.71.236.215
3291,41.209.45.2
3292,213.112.147.15
3293,197.159.115.18
3294,196.52.43.90
3295,92.237.22.16
3296,46.238.200.61
3297,213.246.157.58
3298,79.101.202.35
3299,181.171.236.153
3300,179.98.100.74
3301,218.255.220.245
3302,103.78.180.131
3303,178.93.20.200
3304,46.105.145.152
3305,86.97.105.205
3306,159.224.109.206
3307,131.0.95.234
3308,190.121.143.123
3309,176.126.184.147
3310,200.161.232.15
3311,200.161.232.15
3312,185.82.96.10
3313,36.67.141.169
3314,177.39.39.3
3315,198.108.66.176
3316,71.6.232.4
3317,154.73.194.101
3318,104.214.221.238
3319,104.214.221.238
3320,104.214.221.238
3321,104.214.221.238
3322,104.214.221.238
3323,104.214.221.238
3324,104.214.221.238
3325,104.214.221.238
3326,104.214.221.238
3327,104.214.221.238
3328,104.214.221.238
3329,104.214.221.238
3330,104.214.221.238
3331,104.214.221.238
3332,104.214.221.238
3333,104.214.221.238
3334,104.214.221.238
3335,104.214.221.238
3336,104.214.221.238
3337,104.214.221.238
3338,104.214.221.238
3339,104.214.221.238
3340,104.214.221.238
3341,104.214.221.238
3342,104.214.221.238
3343,104.214.221.238
3344,104.214.221.238
3345,104.214.221.238
3346,104.214.221.238
3347,104.214.221.238
3348,104.214.221.238
3349,104.214.221.238
3350,104.214.221.238
3351,104.214.221.238
3352,104.214.221.238
3353,104.214.221.238
3354,104.214.221.238
3355,104.214.221.238
3356,104.214.221.238
3357,104.214.221.238
3358,104.214.221.238
3359,104.214.221.238
3360,104.214.221.238
3361,104.214.221.238
3362,104.214.221.238
3363,104.214.221.238
3364,104.214.221.238
3365,104.214.221.238
3366,104.214.221.238
3367,104.214.221.238
3368,104.214.221.238
3369,104.214.221.238
3370,104.214.221.238
3371,104.214.221.238
3372,104.214.221.238
3373,104.214.221.238
3374,104.214.221.238
3375,104.214.221.238
3376,104.214.221.238
3377,104.214.221.238
3378,104.214.221.238
3379,104.214.221.238
3380,104.214.221.238
3381,104.214.221.238
3382,104.214.221.238
3383,104.214.221.238
3384,104.214.221.238
3385,104.214.221.238
3386,104.214.221.238
3387,104.214.221.238
3388,104.214.221.238
3389,104.214.221.238
3390,104.214.221.238
3391,104.214.221.238
3392,104.214.221.238
3393,104.214.221.238
3394,104.214.221.238
3395,104.214.221.238
3396,104.214.221.238
3397,104.214.221.238
3398,104.214.221.238
3399,104.214.221.238
3400,104.214.221.238
3401,104.214.221.238
3402,104.214.221.238
3403,104.214.221.238
3404,104.214.221.238
3405,104.214.221.238
3406,104.214.221.238
3407,104.214.221.238
3408,104.214.221.238
3409,104.214.221.238
3410,104.214.221.238
3411,104.214.221.238
3412,104.214.221.238
3413,104.214.221.238
3414,104.214.221.238
3415,104.214.221.238
3416,104.214.221.238
3417,104.214.221.238
3418,104.214.221.238
3419,104.214.221.238
3420,104.214.221.238
3421,104.214.221.238
3422,104.214.221.238
3423,104.214.221.238
3424,104.214.221.238
3425,125.212.217.214
3426,125.212.217.214
3427,125.212.217.214
3428,125.212.217.214
3429,125.212.217.214
3430,88.148.41.11
3431,62.219.14.94
3432,193.112.1.116
3433,193.112.1.116
3434,193.112.1.116
3435,193.112.1.116
3436,193.112.1.116
3437,193.112.1.116
3438,193.112.1.116
3439,193.112.1.116
3440,193.112.1.116
3441,193.112.1.116
3442,193.112.1.116
3443,193.112.1.116
3444,193.112.1.116
3445,193.112.1.116
3446,193.112.1.116
3447,193.112.1.116
3448,193.112.1.116
3449,193.112.1.116
3450,193.112.1.116
3451,193.112.1.116
3452,193.112.1.116
3453,193.112.1.116
3454,193.112.1.116
3455,193.112.1.116
3456,193.112.1.116
3457,193.112.1.116
3458,193.112.1.116
3459,193.112.1.116
3460,193.112.1.116
3461,193.112.1.116
3462,193.112.1.116
3463,193.112.1.116
3464,193.112.1.116
3465,193.112.1.116
3466,193.112.1.116
3467,193.112.1.116
3468,193.112.1.116
3469,193.112.1.116
3470,193.112.1.116
3471,193.112.1.116
3472,193.112.1.116
3473,193.112.1.116
3474,193.112.1.116
3475,193.112.1.116
3476,193.112.1.116
3477,193.112.1.116
3478,193.112.1.116
3479,193.112.1.116
3480,193.112.1.116
3481,193.112.1.116
3482,193.112.1.116
3483,193.112.1.116
3484,193.112.1.116
3485,193.112.1.116
3486,193.112.1.116
3487,193.112.1.116
3488,193.112.1.116
3489,193.112.1.116
3490,193.112.1.116
3491,193.112.1.116
3492,193.112.1.116
3493,193.112.1.116
3494,193.112.1.116
3495,193.112.1.116
3496,193.112.1.116
3497,193.112.1.116
3498,193.112.1.116
3499,193.112.1.116
3500,193.112.1.116
3501,193.112.1.116
3502,193.112.1.116
3503,193.112.1.116
3504,193.112.1.116
3505,193.112.1.116
3506,193.112.1.116
3507,193.112.1.116
3508,193.112.1.116
3509,193.112.1.116
3510,193.112.1.116
3511,193.112.1.116
3512,193.112.1.116
3513,193.112.1.116
3514,193.112.1.116
3515,193.112.1.116
3516,193.112.1.116
3517,193.112.1.116
3518,193.112.1.116
3519,193.112.1.116
3520,193.112.1.116
3521,193.112.1.116
3522,193.112.1.116
3523,193.112.1.116
3524,193.112.1.116
3525,193.112.1.116
3526,193.112.1.116
3527,193.112.1.116
3528,193.112.1.116
3529,193.112.1.116
3530,193.112.1.116
3531,193.112.1.116
3532,193.112.1.116
3533,193.112.1.116
3534,193.112.1.116
3535,193.112.1.116
3536,193.112.1.116
3537,193.112.1.116
3538,193.112.1.116
3539,193.112.1.116
3540,193.112.1.116
3541,193.112.1.116
3542,193.112.1.116
3543,193.112.1.116
3544,193.112.1.116
3545,193.112.1.116
3546,193.112.1.116
3547,193.112.1.116
3548,193.112.1.116
3549,193.112.1.116
3550,193.112.1.116
3551,193.112.1.116
3552,193.112.1.116
3553,193.112.1.116
3554,193.112.1.116
3555,193.112.1.116
3556,193.112.1.116
3557,193.112.1.116
3558,193.112.1.116
3559,193.112.1.116
3560,193.112.1.116
3561,193.112.1.116
3562,193.112.1.116
3563,193.112.1.116
3564,193.112.1.116
3565,193.112.1.116
3566,193.112.1.116
3567,193.112.1.116
3568,193.112.1.116
3569,193.112.1.116
3570,193.112.1.116
3571,193.112.1.116
3572,193.112.1.116
3573,193.112.1.116
3574,193.112.1.116
3575,193.112.1.116
3576,193.112.1.116
3577,193.112.1.116
3578,193.112.1.116
3579,193.112.1.116
3580,193.112.1.116
3581,193.112.1.116
3582,193.112.1.116
3583,193.112.1.116
3584,193.112.1.116
3585,193.112.1.116
3586,193.112.1.116
3587,193.112.1.116
3588,193.112.1.116
3589,193.112.1.116
3590,193.112.1.116
3591,193.112.1.116
3592,193.112.1.116
3593,193.112.1.116
3594,193.112.1.116
3595,193.112.1.116
3596,193.112.1.116
3597,193.112.1.116
3598,193.112.1.116
3599,193.112.1.116
3600,193.112.1.116
3601,193.112.1.116
3602,193.112.1.116
3603,193.112.1.116
3604,193.112.1.116
3605,193.112.1.116
3606,193.112.1.116
3607,193.112.1.116
3608,193.112.1.116
3609,193.112.1.116
3610,193.112.1.116
3611,193.112.1.116
3612,193.112.1.116
3613,193.112.1.116
3614,193.112.1.116
3615,193.112.1.116
3616,193.112.1.116
3617,193.112.1.116
3618,193.112.1.116
3619,193.112.1.116
3620,193.112.1.116
3621,193.112.1.116
3622,193.112.1.116
3623,193.112.1.116
3624,61.219.11.151
3625,103.84.228.165
3626,188.213.98.33
3627,193.112.182.252
3628,193.112.182.252
3629,193.112.182.252
3630,193.112.182.252
3631,193.112.182.252
3632,193.112.182.252
3633,193.112.182.252
3634,193.112.182.252
3635,193.112.182.252
3636,193.112.182.252
3637,193.112.182.252
3638,193.112.182.252
3639,193.112.182.252
3640,193.112.182.252
3641,193.112.182.252
3642,193.112.182.252
3643,193.112.182.252
3644,193.112.182.252
3645,193.112.182.252
3646,193.112.182.252
3647,193.112.182.252
3648,193.112.182.252
3649,193.112.182.252
3650,193.112.182.252
3651,193.112.182.252
3652,193.112.182.252
3653,193.112.182.252
3654,193.112.182.252
3655,193.112.182.252
3656,193.112.182.252
3657,193.112.182.252
3658,193.112.182.252
3659,193.112.182.252
3660,193.112.182.252
3661,193.112.182.252
3662,193.112.182.252
3663,193.112.182.252
3664,193.112.182.252
3665,193.112.182.252
3666,193.112.182.252
3667,193.112.182.252
3668,193.112.182.252
3669,193.112.182.252
3670,193.112.182.252
3671,193.112.182.252
3672,193.112.182.252
3673,193.112.182.252
3674,193.112.182.252
3675,193.112.182.252
3676,193.112.182.252
3677,193.112.182.252
3678,193.112.182.252
3679,193.112.182.252
3680,193.112.182.252
3681,193.112.182.252
3682,193.112.182.252
3683,193.112.182.252
3684,193.112.182.252
3685,193.112.182.252
3686,193.112.182.252
3687,193.112.182.252
3688,193.112.182.252
3689,193.112.182.252
3690,193.112.182.252
3691,193.112.182.252
3692,193.112.182.252
3693,193.112.182.252
3694,193.112.182.252
3695,193.112.182.252
3696,193.112.182.252
3697,193.112.182.252
3698,193.112.182.252
3699,193.112.182.252
3700,193.112.182.252
3701,193.112.182.252
3702,193.112.182.252
3703,193.112.182.252
3704,193.112.182.252
3705,193.112.182.252
3706,193.112.182.252
3707,193.112.182.252
3708,193.112.182.252
3709,193.112.182.252
3710,193.112.182.252
3711,193.112.182.252
3712,193.112.182.252
3713,193.112.182.252
3714,193.112.182.252
3715,193.112.182.252
3716,193.112.182.252
3717,193.112.182.252
3718,193.112.182.252
3719,193.112.182.252
3720,193.112.182.252
3721,193.112.182.252
3722,193.112.182.252
3723,193.112.182.252
3724,193.112.182.252
3725,193.112.182.252
3726,193.112.182.252
3727,193.112.182.252
3728,193.112.182.252
3729,193.112.182.252
3730,193.112.182.252
3731,193.112.182.252
3732,193.112.182.252
3733,193.112.182.252
3734,193.112.182.252
3735,193.112.182.252
3736,193.112.182.252
3737,193.112.182.252
3738,193.112.182.252
3739,193.112.182.252
3740,193.112.182.252
3741,193.112.182.252
3742,193.112.182.252
3743,193.112.182.252
3744,193.112.182.252
3745,193.112.182.252
3746,193.112.182.252
3747,193.112.182.252
3748,193.112.182.252
3749,193.112.182.252
3750,193.112.182.252
3751,193.112.182.252
3752,193.112.182.252
3753,193.112.182.252
3754,193.112.182.252
3755,193.112.182.252
3756,193.112.182.252
3757,193.112.182.252
3758,193.112.182.252
3759,193.112.182.252
3760,193.112.182.252
3761,193.112.182.252
3762,193.112.182.252
3763,193.112.182.252
3764,193.112.182.252
3765,193.112.182.252
3766,193.112.182.252
3767,193.112.182.252
3768,193.112.182.252
3769,193.112.182.252
3770,193.112.182.252
3771,193.112.182.252
3772,193.112.182.252
3773,193.112.182.252
3774,193.112.182.252
3775,193.112.182.252
3776,193.112.182.252
3777,193.112.182.252
3778,193.112.182.252
3779,193.112.182.252
3780,193.112.182.252
3781,193.112.182.252
3782,193.112.182.252
3783,193.112.182.252
3784,193.112.182.252
3785,193.112.182.252
3786,193.112.182.252
3787,193.112.182.252
3788,193.112.182.252
3789,193.112.182.252
3790,193.112.182.252
3791,193.112.182.252
3792,193.112.182.252
3793,193.112.182.252
3794,193.112.182.252
3795,193.112.182.252
3796,193.112.182.252
3797,193.112.182.252
3798,193.112.182.252
3799,193.112.182.252
3800,193.112.182.252
3801,193.112.182.252
3802,193.112.182.252
3803,193.112.182.252
3804,193.112.182.252
3805,193.112.182.252
3806,193.112.182.252
3807,193.112.182.252
3808,193.112.182.252
3809,193.112.182.252
3810,193.112.182.252
3811,193.112.182.252
3812,193.112.182.252
3813,193.112.182.252
3814,193.112.182.252
3815,193.112.182.252
3816,193.112.182.252
3817,193.112.182.252
3818,193.112.182.252
3819,193.112.182.252
3820,193.112.182.252
3821,193.112.182.252
3822,193.112.182.252
3823,193.112.182.252
3824,193.112.182.252
3825,193.112.182.252
3826,193.112.182.252
3827,193.112.182.252
3828,193.112.182.252
3829,193.112.182.252
3830,193.112.182.252
3831,193.112.182.252
3832,193.112.182.252
3833,193.112.182.252
3834,193.112.182.252
3835,91.232.214.238
3836,93.56.61.232
3837,103.233.171.18
3838,170.84.12.126
3839,43.229.38.171
3840,43.229.38.171
3841,43.229.38.171
3842,43.229.38.171
3843,43.229.38.171
3844,43.229.38.171
3845,43.229.38.171
3846,43.229.38.171
3847,43.229.38.171
3848,43.229.38.171
3849,43.229.38.171
3850,43.229.38.171
3851,43.229.38.171
3852,43.229.38.171
3853,43.229.38.171
3854,43.229.38.171
3855,43.229.38.171
3856,43.229.38.171
3857,43.229.38.171
3858,43.229.38.171
3859,43.229.38.171
3860,43.229.38.171
3861,43.229.38.171
3862,43.229.38.171
3863,43.229.38.171
3864,43.229.38.171
3865,43.229.38.171
3866,43.229.38.171
3867,43.229.38.171
3868,43.229.38.171
3869,43.229.38.171
3870,43.229.38.171
3871,43.229.38.171
3872,43.229.38.171
3873,43.229.38.171
3874,43.229.38.171
3875,43.229.38.171
3876,43.229.38.171
3877,43.229.38.171
3878,43.229.38.171
3879,43.229.38.171
3880,43.229.38.171
3881,43.229.38.171
3882,43.229.38.171
3883,43.229.38.171
3884,43.229.38.171
3885,43.229.38.171
3886,43.229.38.171
3887,43.229.38.171
3888,43.229.38.171
3889,43.229.38.171
3890,43.229.38.171
3891,43.229.38.171
3892,43.229.38.171
3893,43.229.38.171
3894,43.229.38.171
3895,43.229.38.171
3896,43.229.38.171
3897,43.229.38.171
3898,43.229.38.171
3899,43.229.38.171
3900,43.229.38.171
3901,43.229.38.171
3902,43.229.38.171
3903,43.229.38.171
3904,43.229.38.171
3905,43.229.38.171
3906,43.229.38.171
3907,43.229.38.171
3908,43.229.38.171
3909,43.229.38.171
3910,43.229.38.171
3911,43.229.38.171
3912,43.229.38.171
3913,43.229.38.171
3914,43.229.38.171
3915,43.229.38.171
3916,43.229.38.171
3917,43.229.38.171
3918,43.229.38.171
3919,43.229.38.171
3920,43.229.38.171
3921,43.229.38.171
3922,43.229.38.171
3923,43.229.38.171
3924,43.229.38.171
3925,43.229.38.171
3926,43.229.38.171
3927,43.229.38.171
3928,43.229.38.171
3929,43.229.38.171
3930,43.229.38.171
3931,43.229.38.171
3932,43.229.38.171
3933,43.229.38.171
3934,43.229.38.171
3935,43.229.38.171
3936,43.229.38.171
3937,43.229.38.171
3938,43.229.38.171
3939,43.229.38.171
3940,43.229.38.171
3941,43.229.38.171
3942,43.229.38.171
3943,43.229.38.171
3944,43.229.38.171
3945,43.229.38.171
3946,43.229.38.171
3947,43.229.38.171
3948,43.229.38.171
3949,43.229.38.171
3950,43.229.38.171
3951,43.229.38.171
3952,43.229.38.171
3953,43.229.38.171
3954,43.229.38.171
3955,43.229.38.171
3956,43.229.38.171
3957,43.229.38.171
3958,43.229.38.171
3959,43.229.38.171
3960,43.229.38.171
3961,43.229.38.171
3962,43.229.38.171
3963,43.229.38.171
3964,43.229.38.171
3965,43.229.38.171
3966,43.229.38.171
3967,43.229.38.171
3968,43.229.38.171
3969,43.229.38.171
3970,43.229.38.171
3971,43.229.38.171
3972,43.229.38.171
3973,43.229.38.171
3974,43.229.38.171
3975,43.229.38.171
3976,43.229.38.171
3977,43.229.38.171
3978,43.229.38.171
3979,43.229.38.171
3980,43.229.38.171
3981,43.229.38.171
3982,43.229.38.171
3983,43.229.38.171
3984,43.229.38.171
3985,43.229.38.171
3986,43.229.38.171
3987,43.229.38.171
3988,43.229.38.171
3989,43.229.38.171
3990,43.229.38.171
3991,43.229.38.171
3992,43.229.38.171
3993,43.229.38.171
3994,43.229.38.171
3995,43.229.38.171
3996,43.229.38.171
3997,43.229.38.171
3998,43.229.38.171
3999,43.229.38.171
4000,43.229.38.171
4001,43.229.38.171
4002,43.229.38.171
4003,43.229.38.171
4004,43.229.38.171
4005,43.229.38.171
4006,43.229.38.171
4007,43.229.38.171
4008,43.229.38.171
4009,43.229.38.171
4010,43.229.38.171
4011,43.229.38.171
4012,43.229.38.171
4013,43.229.38.171
4014,43.229.38.171
4015,43.229.38.171
4016,43.229.38.171
4017,43.229.38.171
4018,43.229.38.171
4019,43.229.38.171
4020,43.229.38.171
4021,43.229.38.171
4022,43.229.38.171
4023,43.229.38.171
4024,43.229.38.171
4025,43.229.38.171
4026,43.229.38.171
4027,43.229.38.171
4028,43.229.38.171
4029,43.229.38.171
4030,43.229.38.171
4031,43.229.38.171
4032,43.229.38.171
4033,43.229.38.171
4034,43.229.38.171
4035,43.229.38.171
4036,43.229.38.171
4037,43.229.38.171
4038,43.229.38.171
4039,43.229.38.171
4040,43.229.38.171
4041,43.229.38.171
4042,43.229.38.171
4043,43.229.38.171
4044,43.229.38.171
4045,43.229.38.171
4046,43.229.38.171
4047,43.229.38.171
4048,43.229.38.171
4049,43.229.38.171
4050,43.229.38.171
4051,43.229.38.171
4052,43.229.38.171
4053,43.229.38.171
4054,43.229.38.171
4055,43.229.38.171
4056,43.229.38.171
4057,43.229.38.171
4058,43.229.38.171
4059,43.229.38.171
4060,43.229.38.171
4061,43.229.38.171
4062,43.229.38.171
4063,43.229.38.171
4064,43.229.38.171
4065,43.229.38.171
4066,43.229.38.171
4067,43.229.38.171
4068,43.229.38.171
4069,43.229.38.171
4070,43.229.38.171
4071,43.229.38.171
4072,43.229.38.171
4073,43.229.38.171
4074,43.229.38.171
4075,43.229.38.171
4076,43.229.38.171
4077,43.229.38.171
4078,43.229.38.171
4079,43.229.38.171
4080,43.229.38.171
4081,43.229.38.171
4082,43.229.38.171
4083,43.229.38.171
4084,43.229.38.171
4085,43.229.38.171
4086,43.229.38.171
4087,43.229.38.171
4088,43.229.38.171
4089,43.229.38.171
4090,43.229.38.171
4091,43.229.38.171
4092,43.229.38.171
4093,43.229.38.171
4094,43.229.38.171
4095,43.229.38.171
4096,43.229.38.171
4097,43.229.38.171
4098,43.229.38.171
4099,43.229.38.171
4100,43.229.38.171
4101,43.229.38.171
4102,43.229.38.171
4103,43.229.38.171
4104,43.229.38.171
4105,43.229.38.171
4106,43.229.38.171
4107,43.229.38.171
4108,43.229.38.171
4109,43.229.38.171
4110,43.229.38.171
4111,43.229.38.171
4112,43.229.38.171
4113,43.229.38.171
4114,43.229.38.171
4115,43.229.38.171
4116,43.229.38.171
4117,43.229.38.171
4118,43.229.38.171
4119,43.229.38.171
4120,43.229.38.171
4121,43.229.38.171
4122,43.229.38.171
4123,43.229.38.171
4124,43.229.38.171
4125,43.229.38.171
4126,43.229.38.171
4127,43.229.38.171
4128,43.229.38.171
4129,43.229.38.171
4130,43.229.38.171
4131,43.229.38.171
4132,43.229.38.171
4133,43.229.38.171
4134,43.229.38.171
4135,43.229.38.171
4136,43.229.38.171
4137,43.229.38.171
4138,43.229.38.171
4139,43.229.38.171
4140,43.229.38.171
4141,43.229.38.171
4142,43.229.38.171
4143,43.229.38.171
4144,43.229.38.171
4145,43.229.38.171
4146,43.229.38.171
4147,43.229.38.171
4148,43.229.38.171
4149,43.229.38.171
4150,43.229.38.171
4151,43.229.38.171
4152,43.229.38.171
4153,43.229.38.171
4154,43.229.38.171
4155,43.229.38.171
4156,43.229.38.171
4157,43.229.38.171
4158,43.229.38.171
4159,43.229.38.171
4160,151.233.128.221
4161,5.199.143.126
4162,5.199.143.126
4163,5.199.143.126
4164,5.199.143.126
4165,5.199.143.126
4166,5.199.143.126
4167,5.199.143.126
4168,5.199.143.126
4169,5.199.143.126
4170,5.199.143.126
4171,5.199.143.126
4172,5.199.143.126
